Horodateur;wiek;plec;narodowosc;D4;D5;6. Czy znasz osobę chorującą na padaczkę?;7. Czy kiedykolwiek słyszałeś_aś lub czytałeś_aś o padaczce?;8. Czy byłeś_aś świadkiem napadu padaczkowego?;9.Jak oceniasz swoją wiedzę o padaczce i pomocy w trakcie napadu padaczkowego?;D6;D7;D8;D9;1. U osoby będącej w trakcie napadu padaczkowego postaram się rozchylić usta w celu włożenia czegoś między jej zęby, aby zapobiec przegryzieniu języka.;2. Do osoby w czasie napadu padaczkowego będę głośno krzyczeć i potrząsać nią, aby odzyskała przytomność, w ten sposób zatrzymam napad.;3. Odsunę wszystkie niebezpieczne przedmioty znajdujące się w pobliżu osoby będącej w trakcie napadu padaczkowego, aby zapobiec dodatkowym urazom.;4. Po ustaniu napadu padaczkowego osobę należy ułożyć w pozycji bezpiecznej oraz pozostać z nią do czasu odzyskania pełnej sprawności.;5. Podczas napadu padaczkowego u osoby, która regularnie przyjmuje leki przeciwpadaczkowe, należy jak najszybciej podać lek doustnie.;6. Osobę w trakcie napadu padaczkowego należy przytrzymać i ograniczyć jej ruchy.;7. W czasie każdego napadu padaczkowego należy wezwać pogotowie ratunkowe.;8. Sztuczne oddychanie nie jest czynnością konieczną w trakcie każdego napadu padaczkowego.;9. Po ustaniu napadu padaczkowego chory najczęściej natychmiast wraca do pełni sprawności, nie odczuwając przy tym żadnych dolegliwości.;10.Jeden napad padaczkowy wystarczy żeby rozpoznać padaczkę u osoby nie będącej w grupie wysokiego ryzyka nawrotu kolejnych napadów.;11. Do objawów napadu padaczkowego należą:;12.Który z czynników może sprowokować napad padaczkowy?;13. Osoba chorująca na padaczkę:;14. Padaczka to:;15.Zaznacz stwierdzenie fałszywe;1. U osoby będącej w trakcie napadu padaczkowego postaram się rozchylić usta w celu włożenia czegoś między jej zęby, aby zapobiec przegryzieniu języka.;2. Do osoby w czasie napadu padaczkowego będę głośno krzyczeć i potrząsać nią, aby odzyskała przytomność, w ten sposób zatrzymam napad.;3. Odsunę wszystkie niebezpieczne przedmioty znajdujące się w pobliżu osoby będącej w trakcie napadu padaczkowego, aby zapobiec dodatkowym urazom.;4. Po ustaniu napadu padaczkowego osobę należy ułożyć w pozycji bezpiecznej oraz pozostać z nią do czasu odzyskania pełnej sprawności.;5. Podczas napadu padaczkowego u osoby, która regularnie przyjmuje leki przeciwpadaczkowe, należy jak najszybciej podać lek doustnie.;6. Osobę w trakcie napadu padaczkowego należy przytrzymać i ograniczyć jej ruchy.;7. W czasie każdego napadu padaczkowego należy wezwać pogotowie ratunkowe.;8. Sztuczne oddychanie nie jest czynnością konieczną w trakcie każdego napadu padaczkowego.;9. Po ustaniu napadu padaczkowego chory najczęściej natychmiast wraca do pełni sprawności, nie odczuwając przy tym żadnych dolegliwości.;10.Jeden napad padaczkowy wystarczy żeby rozpoznać padaczkę u osoby nie będącej w grupie wysokiego ryzyka nawrotu kolejnych napadów.;11. Do objawów napadu padaczkowego należą:;12.Który z czynników może sprowokować napad padaczkowy?;13. Osoba chorująca na padaczkę:;14. Padaczka to:;15.Zaznacz stwierdzenie fałszywe;16. Czy uważasz, że w toku nauczania szkolnego powinny być ujęte tego typu lekcje na temat stwardnienia rozsianego, padaczki i innych częstych schorzeń zdrowotnych?;QA1;QA2;QA3;QA4;QA5;QA6;QA7;QA8;QA9;QA10;QA11;QA12;QA13;QA14;QB1;QB2;QB3;QB4;QB5;QB6;QB7;QB8;QB9;QB10;QB11;QB12;QB13;QB14;15. Czy uważasz, że w toku nauczania szkolnego powinny być ujęte tego typu lekcje na temat stwardnienia rozsianego, padaczki i innych częstych schorzeń zdrowotnych?
2024/01/15 11:11:39 AM UTC+2;17-18 lat;Kobieta;Polska;Miasto od 100 000 do 500 000 mieszkańców;Z rozszerzoną biologią;Nie;Tak;Tak;Słaba;Tak;Rodzina;Tak;Słaba;FAŁSZ;FAŁSZ;PRAWDA;Nie wiem;Nie wiem;FAŁSZ;FAŁSZ;PRAWDA;FAŁSZ;PRAWDA;Wszystkie odpowiedzi są prawidłowe;Wszystkie odpowiedzi są prawidłowe;Posiada bezwzględny zakaz prowadzenia samochodu;Przewlekła choroba neurologiczna;Osoby chorujące na padaczkę muszą przyjmować leki do końca swojego życia;FAŁSZ;FAŁSZ;PRAWDA;PRAWDA;FAŁSZ;FAŁSZ;FAŁSZ;PRAWDA;FAŁSZ;PRAWDA;Wszystkie odpowiedzi są prawidłowe;Wszystkie odpowiedzi są prawidłowe;Może uprawiać większość dyscyplin sportowych za wyjątkiem nurkowania i wspinaczki;Przewlekła choroba neurologiczna;Osoby chorujące na padaczkę muszą przyjmować leki do końca swojego życia;Tak;Immunologicznego;Przyczyny stwardnienia rozsianego nie są do końca znane;Wszystkie powyższe odpowiedzi są poprawne;Wszystkie powyższe odpowiedzi są poprawne;FAŁSZ;PRAWDA;PRAWDA;PRAWDA;Nie wiem;PRAWDA;PRAWDA;PRAWDA;PRAWDA;PRAWDA;Immunologicznego;Przyczyny stwardnienia rozsianego nie są do końca znane;Wszystkie powyższe odpowiedzi są poprawne;Wszystkie powyższe odpowiedzi są poprawne;PRAWDA;PRAWDA;PRAWDA;PRAWDA;PRAWDA;PRAWDA;PRAWDA;PRAWDA;PRAWDA;PRAWDA;Tak
2024/01/15 11:13:55 AM UTC+2;16-17 lat;Kobieta;Polska;Miasto do 50 000 mieszkańców;Z rozszerzoną biologią;Nie;Tak;Nie;Dobra;Tak;"Rodzina;Szkoła;Internet";Nie;Dobra;FAŁSZ;FAŁSZ;PRAWDA;PRAWDA;FAŁSZ;PRAWDA;PRAWDA;PRAWDA;FAŁSZ;Nie wiem;Wszystkie odpowiedzi są prawidłowe;Wszystkie odpowiedzi są prawidłowe;Może uprawiać większość dyscyplin sportowych za wyjątkiem nurkowania i wspinaczki;Przewlekła choroba neurologiczna;Padaczka jest chorobą uleczalną;FAŁSZ;FAŁSZ;PRAWDA;PRAWDA;FAŁSZ;FAŁSZ;PRAWDA;FAŁSZ;FAŁSZ;FAŁSZ;Wszystkie odpowiedzi są prawidłowe;Wszystkie odpowiedzi są prawidłowe;Może uprawiać większość dyscyplin sportowych za wyjątkiem nurkowania i wspinaczki;Przewlekła choroba neurologiczna;Osoby chorujące na padaczkę muszą przyjmować leki do końca swojego życia;Tak;Nie wiem;Przyczyny stwardnienia rozsianego nie są do końca znane;Wszystkie powyższe odpowiedzi są poprawne;Wszystkie powyższe odpowiedzi są poprawne;FAŁSZ;FAŁSZ;PRAWDA;PRAWDA;PRAWDA;FAŁSZ;PRAWDA;FAŁSZ;PRAWDA;PRAWDA;Immunologicznego;Przyczyny stwardnienia rozsianego nie są do końca znane;Nie wiem;Wszystkie powyższe odpowiedzi są poprawne;PRAWDA;PRAWDA;FAŁSZ;FAŁSZ;PRAWDA;PRAWDA;PRAWDA;FAŁSZ;PRAWDA;PRAWDA;Tak
2024/01/15 11:14:50 AM UTC+2;15-16 lat;Kobieta;Polska;Miasto powyżej 500 000 mieszkańców;Z rozszerzoną biologią;Nie;Tak;Nie;Średnia;Tak;"Internet;Inne (jakie);Książki ";Nie;Słaba;FAŁSZ;FAŁSZ;PRAWDA;PRAWDA;FAŁSZ;FAŁSZ;FAŁSZ;PRAWDA;Nie wiem;FAŁSZ;Wszystkie odpowiedzi są prawidłowe;Wszystkie odpowiedzi są prawidłowe;Może uprawiać większość dyscyplin sportowych za wyjątkiem nurkowania i wspinaczki;Przewlekła choroba neurologiczna;Padaczka jest chorobą uleczalną;FAŁSZ;FAŁSZ;PRAWDA;PRAWDA;FAŁSZ;FAŁSZ;PRAWDA;PRAWDA;FAŁSZ;FAŁSZ;Wszystkie odpowiedzi są prawidłowe;Wszystkie odpowiedzi są prawidłowe;Może uprawiać większość dyscyplin sportowych za wyjątkiem nurkowania i wspinaczki;Przewlekła choroba neurologiczna;Osoby chorujące na padaczkę muszą przyjmować leki do końca swojego życia;Tak;Immunologicznego;Przyczyny stwardnienia rozsianego nie są do końca znane;Wszystkie powyższe odpowiedzi są poprawne;Wszystkie powyższe odpowiedzi są poprawne;FAŁSZ;FAŁSZ;PRAWDA;PRAWDA;PRAWDA;PRAWDA;PRAWDA;Nie wiem;Nie wiem;PRAWDA;Immunologicznego;Przyczyny stwardnienia rozsianego nie są do końca znane;Wszystkie powyższe odpowiedzi są poprawne;Wszystkie powyższe odpowiedzi są poprawne;FAŁSZ;PRAWDA;PRAWDA;PRAWDA;PRAWDA;PRAWDA;PRAWDA;FAŁSZ;PRAWDA;PRAWDA;Tak
2024/01/15 11:15:26 AM UTC+2;14-15 lat;Kobieta;Polska;Miasto powyżej 500 000 mieszkańców;Z rozszerzoną biologią;Nie;Tak;Tak;Słaba;Nie;;Nie;Nic nie wiem o tej chorobie;FAŁSZ;FAŁSZ;PRAWDA;PRAWDA;Nie wiem;FAŁSZ;PRAWDA;PRAWDA;FAŁSZ;FAŁSZ;Drgawki i krótkotrwała utrata świadomości;Wszystkie odpowiedzi są prawidłowe;Posiada bezwzględny zakaz prowadzenia samochodu;Przewlekła choroba neurologiczna;Padaczka jest chorobą uleczalną;FAŁSZ;FAŁSZ;PRAWDA;PRAWDA;FAŁSZ;FAŁSZ;PRAWDA;PRAWDA;FAŁSZ;PRAWDA;Wszystkie odpowiedzi są prawidłowe;Wszystkie odpowiedzi są prawidłowe;Może uprawiać większość dyscyplin sportowych za wyjątkiem nurkowania i wspinaczki;Przewlekła choroba neurologiczna;Osoby chorujące na padaczkę muszą przyjmować leki do końca swojego życia;Tak;Immunologicznego;Przyczyny stwardnienia rozsianego nie są do końca znane;Wszystkie powyższe odpowiedzi są poprawne;Nie wiem;FAŁSZ;PRAWDA;PRAWDA;PRAWDA;FAŁSZ;PRAWDA;PRAWDA;PRAWDA;PRAWDA;PRAWDA;Immunologicznego;Przyczyny stwardnienia rozsianego nie są do końca znane;Wszystkie powyższe odpowiedzi są poprawne;Kłopoty z pęcherzem, jelitami i funkcjami seksualnymi;FAŁSZ;PRAWDA;PRAWDA;PRAWDA;PRAWDA;PRAWDA;PRAWDA;PRAWDA;PRAWDA;PRAWDA;Tak
2024/01/15 11:15:42 AM UTC+2;15-16 lat;Kobieta;Polska;Miasto powyżej 500 000 mieszkańców;Z rozszerzoną biologią;Tak;Tak;Tak;Bardzo dobra;Tak;Szkoła;Tak;Dobra;FAŁSZ;PRAWDA;FAŁSZ;PRAWDA;FAŁSZ;FAŁSZ;PRAWDA;PRAWDA;PRAWDA;PRAWDA;Drgawki i krótkotrwała utrata świadomości;Wszystkie odpowiedzi są prawidłowe;Nie może być aktywna zawodowo;Choroba występująca tylko w wieku dziecięcym;Osoby chorujące na padaczkę muszą przyjmować leki do końca swojego życia;FAŁSZ;FAŁSZ;PRAWDA;PRAWDA;FAŁSZ;FAŁSZ;PRAWDA;PRAWDA;FAŁSZ;FAŁSZ;Wszystkie odpowiedzi są prawidłowe;Wszystkie odpowiedzi są prawidłowe;Może uprawiać większość dyscyplin sportowych za wyjątkiem nurkowania i wspinaczki;Przewlekła choroba neurologiczna;Osoby chorujące na padaczkę muszą przyjmować leki do końca swojego życia;Tak;Immunologicznego;Przyczyn genetycznych i jest chorobą dziedziczną;Ból gałki ocznej, zaburzenia widzenia (osłabienie ostrości wzroku lub widzenie podwójne);Zaburzenia funkcji poznawczych (kłopoty z pamięcią i znajdowaniem odpowiednich słów);Nie wiem;FAŁSZ;FAŁSZ;FAŁSZ;Nie wiem;Nie wiem;PRAWDA;Nie wiem;Nie wiem;Nie wiem;Nie wiem;Nie wiem;Nie wiem;Nie wiem;Nie wiem;Nie wiem;Nie wiem;Nie wiem;Nie wiem;Nie wiem;Nie wiem;Nie wiem;Nie wiem;Nie wiem;Tak
2024/01/15 11:15:54 AM UTC+2;17-18 lat;Kobieta;Polska;Miasto powyżej 500 000 mieszkańców;Z rozszerzoną biologią;Tak;Tak;Tak;Bardzo dobra;Tak;"Rodzina;Internet";Nie;Słaba;FAŁSZ;FAŁSZ;PRAWDA;PRAWDA;FAŁSZ;PRAWDA;FAŁSZ;PRAWDA;FAŁSZ;FAŁSZ;Wszystkie odpowiedzi są prawidłowe;Wszystkie odpowiedzi są prawidłowe;Może uprawiać większość dyscyplin sportowych za wyjątkiem nurkowania i wspinaczki;Przewlekła choroba neurologiczna;Osoby chorujące na padaczkę muszą przyjmować leki do końca swojego życia;FAŁSZ;FAŁSZ;PRAWDA;PRAWDA;FAŁSZ;FAŁSZ;FAŁSZ;PRAWDA;FAŁSZ;FAŁSZ;Wszystkie odpowiedzi są prawidłowe;Wszystkie odpowiedzi są prawidłowe;Posiada bezwzględny zakaz prowadzenia samochodu;Przewlekła choroba neurologiczna;Osoby chorujące na padaczkę muszą przyjmować leki do końca swojego życia;Tak;Nie wiem;Przyczyny stwardnienia rozsianego nie są do końca znane;Wszystkie powyższe odpowiedzi są poprawne;Wszystkie powyższe odpowiedzi są poprawne;FAŁSZ;FAŁSZ;PRAWDA;PRAWDA;PRAWDA;PRAWDA;PRAWDA;Nie wiem;PRAWDA;PRAWDA;Immunologicznego;Przyczyny stwardnienia rozsianego nie są do końca znane;Wszystkie powyższe odpowiedzi są poprawne;Wszystkie powyższe odpowiedzi są poprawne;FAŁSZ;PRAWDA;PRAWDA;PRAWDA;PRAWDA;PRAWDA;PRAWDA;FAŁSZ;PRAWDA;PRAWDA;Tak
2024/01/15 11:16:01 AM UTC+2;15-16 lat;Inna;Polska;Miasto od 50 000 do 100 000 mieszkańców;Z rozszerzoną biologią;Nie;Tak;Nie;Nic nie wiem o tej chorobie;Tak;"Rodzina;Internet";Nie;Słaba;Nie wiem;Nie wiem;PRAWDA;Nie wiem;FAŁSZ;Nie wiem;PRAWDA;Nie wiem;Nie wiem;Nie wiem;Drgawki i krótkotrwała utrata świadomości;Migające światło;Posiada bezwzględny zakaz prowadzenia samochodu;Przewlekła choroba neurologiczna;Padaczka jest chorobą uleczalną;FAŁSZ;FAŁSZ;PRAWDA;PRAWDA;FAŁSZ;FAŁSZ;FAŁSZ;FAŁSZ;PRAWDA;FAŁSZ;Wszystkie odpowiedzi są prawidłowe;Wszystkie odpowiedzi są prawidłowe;Może uprawiać większość dyscyplin sportowych za wyjątkiem nurkowania i wspinaczki;Przewlekła choroba neurologiczna;Padaczka jest chorobą uleczalną;Tak;Immunologicznego;Przyczyny stwardnienia rozsianego nie są do końca znane;Wszystkie powyższe odpowiedzi są poprawne;Zaburzenia funkcji poznawczych (kłopoty z pamięcią i znajdowaniem odpowiednich słów);FAŁSZ;Nie wiem;Nie wiem;Nie wiem;Nie wiem;Nie wiem;Nie wiem;PRAWDA;PRAWDA;PRAWDA;Immunologicznego;Przyczyny stwardnienia rozsianego nie są do końca znane;Wszystkie powyższe odpowiedzi są poprawne;Wszystkie powyższe odpowiedzi są poprawne;FAŁSZ;PRAWDA;PRAWDA;PRAWDA;PRAWDA;PRAWDA;PRAWDA;Nie wiem;PRAWDA;PRAWDA;Tak
2024/01/15 11:16:02 AM UTC+2;16-17 lat;Kobieta;Polska;Miasto do 50 000 mieszkańców;Z rozszerzoną biologią;Nie;Tak;Nie;Słaba;Tak;"Rodzina;Internet";Nie;Słaba;FAŁSZ;FAŁSZ;PRAWDA;PRAWDA;FAŁSZ;Nie wiem;FAŁSZ;PRAWDA;FAŁSZ;FAŁSZ;Wszystkie odpowiedzi są prawidłowe;Wszystkie odpowiedzi są prawidłowe;Może uprawiać większość dyscyplin sportowych za wyjątkiem nurkowania i wspinaczki;Przewlekła choroba neurologiczna;Leczeniem padaczki zajmuje się lekarz neurolog;FAŁSZ;FAŁSZ;PRAWDA;PRAWDA;FAŁSZ;FAŁSZ;FAŁSZ;PRAWDA;FAŁSZ;FAŁSZ;Wszystkie odpowiedzi są prawidłowe;Wszystkie odpowiedzi są prawidłowe;Może uprawiać większość dyscyplin sportowych za wyjątkiem nurkowania i wspinaczki;Przewlekła choroba neurologiczna;Osoby chorujące na padaczkę muszą przyjmować leki do końca swojego życia;Tak;Nie wiem;Nie wiem;Wszystkie powyższe odpowiedzi są poprawne;Wszystkie powyższe odpowiedzi są poprawne;Nie wiem;Nie wiem;Nie wiem;Nie wiem;Nie wiem;Nie wiem;Nie wiem;Nie wiem;Nie wiem;Nie wiem;Immunologicznego;Przyczyny stwardnienia rozsianego nie są do końca znane;Wszystkie powyższe odpowiedzi są poprawne;Wszystkie powyższe odpowiedzi są poprawne;Nie wiem;PRAWDA;PRAWDA;FAŁSZ;PRAWDA;PRAWDA;PRAWDA;FAŁSZ;PRAWDA;PRAWDA;Tak
2024/01/15 11:16:03 AM UTC+2;15-16 lat;Mężczyzna;Polska;Miasto powyżej 500 000 mieszkańców;Z rozszerzoną biologią;Nie;Tak;Nie;Średnia;Tak;Internet;Nie;Średnia;PRAWDA;FAŁSZ;PRAWDA;PRAWDA;FAŁSZ;PRAWDA;PRAWDA;PRAWDA;FAŁSZ;PRAWDA;Wszystkie odpowiedzi są prawidłowe;Wszystkie odpowiedzi są prawidłowe;Może uprawiać większość dyscyplin sportowych za wyjątkiem nurkowania i wspinaczki;Przewlekła choroba neurologiczna;Padaczka jest chorobą uleczalną;FAŁSZ;FAŁSZ;PRAWDA;PRAWDA;FAŁSZ;FAŁSZ;PRAWDA;PRAWDA;FAŁSZ;FAŁSZ;Wszystkie odpowiedzi są prawidłowe;Wszystkie odpowiedzi są prawidłowe;Może uprawiać większość dyscyplin sportowych za wyjątkiem nurkowania i wspinaczki;Przewlekła choroba neurologiczna;Osoby chorujące na padaczkę muszą przyjmować leki do końca swojego życia;Tak;Nie wiem;Przyczyny stwardnienia rozsianego nie są do końca znane;Wszystkie powyższe odpowiedzi są poprawne;Wszystkie powyższe odpowiedzi są poprawne;FAŁSZ;FAŁSZ;PRAWDA;PRAWDA;PRAWDA;PRAWDA;PRAWDA;PRAWDA;PRAWDA;PRAWDA;Immunologicznego;Przyczyny stwardnienia rozsianego nie są do końca znane;Wszystkie powyższe odpowiedzi są poprawne;Wszystkie powyższe odpowiedzi są poprawne;FAŁSZ;PRAWDA;PRAWDA;PRAWDA;PRAWDA;PRAWDA;PRAWDA;FAŁSZ;PRAWDA;PRAWDA;Tak
2024/01/15 11:16:03 AM UTC+2;17-18 lat;Kobieta;Polska;Miasto powyżej 500 000 mieszkańców;Z rozszerzoną biologią;Tak;Tak;Nie;Dobra;Tak;"Rodzina;Znajomi";Nie;Średnia;FAŁSZ;FAŁSZ;PRAWDA;PRAWDA;PRAWDA;FAŁSZ;PRAWDA;FAŁSZ;FAŁSZ;FAŁSZ;Wszystkie odpowiedzi są prawidłowe;Wszystkie odpowiedzi są prawidłowe;Może uprawiać większość dyscyplin sportowych za wyjątkiem nurkowania i wspinaczki;Przewlekła choroba neurologiczna;Osoby chorujące na padaczkę muszą przyjmować leki do końca swojego życia;FAŁSZ;FAŁSZ;PRAWDA;PRAWDA;FAŁSZ;FAŁSZ;PRAWDA;PRAWDA;FAŁSZ;FAŁSZ;Wszystkie odpowiedzi są prawidłowe;Wszystkie odpowiedzi są prawidłowe;Może uprawiać większość dyscyplin sportowych za wyjątkiem nurkowania i wspinaczki;Przewlekła choroba neurologiczna;Osoby chorujące na padaczkę muszą przyjmować leki do końca swojego życia;Tak;Immunologicznego;Przyczyny stwardnienia rozsianego nie są do końca znane;Wszystkie powyższe odpowiedzi są poprawne;Wszystkie powyższe odpowiedzi są poprawne;FAŁSZ;PRAWDA;FAŁSZ;PRAWDA;FAŁSZ;PRAWDA;PRAWDA;PRAWDA;PRAWDA;PRAWDA;Immunologicznego;Przyczyny stwardnienia rozsianego nie są do końca znane;Wszystkie powyższe odpowiedzi są poprawne;Wszystkie powyższe odpowiedzi są poprawne;PRAWDA;FAŁSZ;FAŁSZ;PRAWDA;FAŁSZ;FAŁSZ;PRAWDA;PRAWDA;PRAWDA;PRAWDA;Tak
2024/01/15 11:16:04 AM UTC+2;15-16 lat;Kobieta;Polska;Miasto powyżej 500 000 mieszkańców;Z rozszerzoną biologią;Nie;Tak;Nie;Dobra;Tak;"Internet;Inne (jakie);Dokumenty medyczne";Nie;Słaba;PRAWDA;FAŁSZ;PRAWDA;PRAWDA;FAŁSZ;Nie wiem;FAŁSZ;PRAWDA;FAŁSZ;Nie wiem;Wszystkie odpowiedzi są prawidłowe;Migające światło;Posiada bezwzględny zakaz prowadzenia samochodu;Przewlekła choroba neurologiczna;Padaczka jest chorobą uleczalną;FAŁSZ;FAŁSZ;PRAWDA;PRAWDA;FAŁSZ;FAŁSZ;FAŁSZ;PRAWDA;FAŁSZ;FAŁSZ;Wszystkie odpowiedzi są prawidłowe;Wszystkie odpowiedzi są prawidłowe;Może uprawiać większość dyscyplin sportowych za wyjątkiem nurkowania i wspinaczki;Przewlekła choroba neurologiczna;Osoby chorujące na padaczkę muszą przyjmować leki do końca swojego życia;Tak;Immunologicznego;Przyczyny stwardnienia rozsianego nie są do końca znane;Wszystkie powyższe odpowiedzi są poprawne;Zaburzenia funkcji poznawczych (kłopoty z pamięcią i znajdowaniem odpowiednich słów);FAŁSZ;FAŁSZ;PRAWDA;FAŁSZ;PRAWDA;PRAWDA;Nie wiem;PRAWDA;FAŁSZ;PRAWDA;Immunologicznego;Przyczyny stwardnienia rozsianego nie są do końca znane;Wszystkie powyższe odpowiedzi są poprawne;Wszystkie powyższe odpowiedzi są poprawne;PRAWDA;PRAWDA;PRAWDA;PRAWDA;PRAWDA;PRAWDA;PRAWDA;FAŁSZ;PRAWDA;PRAWDA;Tak
2024/01/15 11:16:11 AM UTC+2;15-16 lat;Mężczyzna;Polska;Miasto powyżej 500 000 mieszkańców;Z rozszerzoną biologią;Nie;Tak;Nie;Słaba;Tak;"Rodzina;Internet";Nie;Słaba;FAŁSZ;FAŁSZ;PRAWDA;PRAWDA;FAŁSZ;FAŁSZ;Nie wiem;PRAWDA;Nie wiem;FAŁSZ;Wszystkie odpowiedzi są prawidłowe;Wszystkie odpowiedzi są prawidłowe;Może uprawiać większość dyscyplin sportowych za wyjątkiem nurkowania i wspinaczki;Przewlekła choroba neurologiczna;Padaczka jest chorobą uleczalną;FAŁSZ;FAŁSZ;PRAWDA;PRAWDA;FAŁSZ;PRAWDA;FAŁSZ;PRAWDA;FAŁSZ;FAŁSZ;Wszystkie odpowiedzi są prawidłowe;Wszystkie odpowiedzi są prawidłowe;Może uprawiać większość dyscyplin sportowych za wyjątkiem nurkowania i wspinaczki;Przewlekła choroba neurologiczna;Osoby chorujące na padaczkę muszą przyjmować leki do końca swojego życia;Tak;Immunologicznego;Przyczyny stwardnienia rozsianego nie są do końca znane;Wszystkie powyższe odpowiedzi są poprawne;Wszystkie powyższe odpowiedzi są poprawne;Nie wiem;Nie wiem;Nie wiem;Nie wiem;Nie wiem;Nie wiem;PRAWDA;Nie wiem;Nie wiem;Nie wiem;Immunologicznego;Przyczyny stwardnienia rozsianego nie są do końca znane;Wszystkie powyższe odpowiedzi są poprawne;Wszystkie powyższe odpowiedzi są poprawne;PRAWDA;PRAWDA;PRAWDA;PRAWDA;PRAWDA;PRAWDA;PRAWDA;FAŁSZ;PRAWDA;PRAWDA;Tak
2024/01/15 11:16:11 AM UTC+2;15-16 lat;Kobieta;Polska;Miasto powyżej 500 000 mieszkańców;Z rozszerzoną biologią;Nie;Tak;Nie;Średnia;Tak;Szkoła;Nie;Średnia;PRAWDA;FAŁSZ;PRAWDA;PRAWDA;Nie wiem;Nie wiem;FAŁSZ;FAŁSZ;Nie wiem;FAŁSZ;Drgawki i krótkotrwała utrata świadomości;Wszystkie odpowiedzi są prawidłowe;Może uprawiać większość dyscyplin sportowych za wyjątkiem nurkowania i wspinaczki;Przewlekła choroba neurologiczna;Na padaczkę choruje około 1% populacji;FAŁSZ;FAŁSZ;PRAWDA;PRAWDA;FAŁSZ;FAŁSZ;PRAWDA;PRAWDA;FAŁSZ;FAŁSZ;Wszystkie odpowiedzi są prawidłowe;Wszystkie odpowiedzi są prawidłowe;Może uprawiać większość dyscyplin sportowych za wyjątkiem nurkowania i wspinaczki;Przewlekła choroba neurologiczna;Osoby chorujące na padaczkę muszą przyjmować leki do końca swojego życia;Tak;Immunologicznego;Nie wiem;Nie wiem;Wszystkie powyższe odpowiedzi są poprawne;Nie wiem;Nie wiem;Nie wiem;PRAWDA;PRAWDA;PRAWDA;PRAWDA;Nie wiem;PRAWDA;PRAWDA;Immunologicznego;Przyczyn genetycznych i jest chorobą dziedziczną;Wszystkie powyższe odpowiedzi są poprawne;Wszystkie powyższe odpowiedzi są poprawne;PRAWDA;PRAWDA;PRAWDA;PRAWDA;PRAWDA;PRAWDA;PRAWDA;FAŁSZ;PRAWDA;PRAWDA;Tak
2024/01/15 11:16:16 AM UTC+2;17-18 lat;Kobieta;Polska;Miasto powyżej 500 000 mieszkańców;Z rozszerzoną biologią;Tak;Tak;Tak;Dobra;Tak;"Rodzina;Znajomi;Internet";Tak;Średnia;PRAWDA;FAŁSZ;PRAWDA;PRAWDA;PRAWDA;FAŁSZ;PRAWDA;Nie wiem;FAŁSZ;FAŁSZ;Drgawki i krótkotrwała utrata świadomości;Wszystkie odpowiedzi są prawidłowe;Posiada bezwzględny zakaz prowadzenia samochodu;Przewlekła choroba neurologiczna;Padaczka jest chorobą uleczalną;FAŁSZ;FAŁSZ;PRAWDA;PRAWDA;FAŁSZ;FAŁSZ;PRAWDA;PRAWDA;FAŁSZ;FAŁSZ;Wszystkie odpowiedzi są prawidłowe;Wszystkie odpowiedzi są prawidłowe;Może uprawiać większość dyscyplin sportowych za wyjątkiem nurkowania i wspinaczki;Przewlekła choroba neurologiczna;Osoby chorujące na padaczkę muszą przyjmować leki do końca swojego życia;Tak;Szkieletowego;Przyczyn genetycznych i jest chorobą dziedziczną;Wszystkie powyższe odpowiedzi są poprawne;Wszystkie powyższe odpowiedzi są poprawne;Nie wiem;PRAWDA;Nie wiem;FAŁSZ;PRAWDA;PRAWDA;FAŁSZ;FAŁSZ;PRAWDA;PRAWDA;Immunologicznego;Przyczyny stwardnienia rozsianego nie są do końca znane;Wszystkie powyższe odpowiedzi są poprawne;Wszystkie powyższe odpowiedzi są poprawne;FAŁSZ;PRAWDA;PRAWDA;PRAWDA;PRAWDA;PRAWDA;PRAWDA;PRAWDA;PRAWDA;PRAWDA;Tak
2024/01/15 11:16:16 AM UTC+2;14-15 lat;Inna;Polska;Miasto powyżej 500 000 mieszkańców;Z rozszerzoną biologią;Nie;Tak;Nie;Średnia;Nie;;Nie;Nic nie wiem o tej chorobie;FAŁSZ;FAŁSZ;PRAWDA;PRAWDA;Nie wiem;FAŁSZ;Nie wiem;PRAWDA;FAŁSZ;Nie wiem;Wszystkie odpowiedzi są prawidłowe;Migające światło;Może uprawiać większość dyscyplin sportowych za wyjątkiem nurkowania i wspinaczki;Przewlekła choroba neurologiczna;Padaczka jest chorobą uleczalną;FAŁSZ;FAŁSZ;PRAWDA;PRAWDA;FAŁSZ;FAŁSZ;FAŁSZ;PRAWDA;FAŁSZ;FAŁSZ;Wszystkie odpowiedzi są prawidłowe;Wszystkie odpowiedzi są prawidłowe;Może uprawiać większość dyscyplin sportowych za wyjątkiem nurkowania i wspinaczki;Przewlekła choroba neurologiczna;Na padaczkę choruje około 1% populacji;Tak;Immunologicznego;Przyczyny stwardnienia rozsianego nie są do końca znane;Wszystkie powyższe odpowiedzi są poprawne;Zaburzenia funkcji poznawczych (kłopoty z pamięcią i znajdowaniem odpowiednich słów);FAŁSZ;FAŁSZ;PRAWDA;PRAWDA;PRAWDA;PRAWDA;PRAWDA;PRAWDA;Nie wiem;PRAWDA;Immunologicznego;Przyczyny stwardnienia rozsianego nie są do końca znane;Wszystkie powyższe odpowiedzi są poprawne;Wszystkie powyższe odpowiedzi są poprawne;PRAWDA;PRAWDA;FAŁSZ;PRAWDA;PRAWDA;PRAWDA;PRAWDA;PRAWDA;PRAWDA;PRAWDA;Tak
2024/01/15 11:16:17 AM UTC+2;17-18 lat;Kobieta;Polska;Miasto powyżej 500 000 mieszkańców;Z rozszerzoną biologią;Nie;Tak;Nie;Słaba;Tak;"Internet;Gazeta";Nie;Słaba;Nie wiem;FAŁSZ;PRAWDA;PRAWDA;FAŁSZ;Nie wiem;Nie wiem;PRAWDA;Nie wiem;Nie wiem;Wszystkie odpowiedzi są prawidłowe;Wszystkie odpowiedzi są prawidłowe;Może uprawiać większość dyscyplin sportowych za wyjątkiem nurkowania i wspinaczki;Przewlekła choroba neurologiczna;Padaczka jest chorobą uleczalną;FAŁSZ;FAŁSZ;PRAWDA;PRAWDA;FAŁSZ;FAŁSZ;FAŁSZ;PRAWDA;PRAWDA;FAŁSZ;Wszystkie odpowiedzi są prawidłowe;Wszystkie odpowiedzi są prawidłowe;Może uprawiać większość dyscyplin sportowych za wyjątkiem nurkowania i wspinaczki;Przewlekła choroba neurologiczna;Osoby chorujące na padaczkę muszą przyjmować leki do końca swojego życia;Tak;Szkieletowego;Przyczyny stwardnienia rozsianego nie są do końca znane;Wszystkie powyższe odpowiedzi są poprawne;Nie wiem;Nie wiem;Nie wiem;Nie wiem;Nie wiem;Nie wiem;Nie wiem;Nie wiem;Nie wiem;Nie wiem;PRAWDA;Immunologicznego;Przyczyny stwardnienia rozsianego nie są do końca znane;Wszystkie powyższe odpowiedzi są poprawne;Wszystkie powyższe odpowiedzi są poprawne;PRAWDA;PRAWDA;PRAWDA;PRAWDA;PRAWDA;PRAWDA;PRAWDA;FAŁSZ;PRAWDA;PRAWDA;Tak
2024/01/15 11:16:18 AM UTC+2;16-17 lat;Kobieta;Polska;Miasto powyżej 500 000 mieszkańców;Z rozszerzoną biologią;Tak;Tak;Tak;Słaba;Tak;Internet;Nie;Słaba;FAŁSZ;FAŁSZ;PRAWDA;PRAWDA;FAŁSZ;FAŁSZ;FAŁSZ;FAŁSZ;FAŁSZ;PRAWDA;Wszystkie odpowiedzi są prawidłowe;Wszystkie odpowiedzi są prawidłowe;Może uprawiać większość dyscyplin sportowych za wyjątkiem nurkowania i wspinaczki;Przewlekła choroba neurologiczna;Osoby chorujące na padaczkę muszą przyjmować leki do końca swojego życia;FAŁSZ;FAŁSZ;PRAWDA;PRAWDA;FAŁSZ;FAŁSZ;FAŁSZ;PRAWDA;FAŁSZ;PRAWDA;Wszystkie odpowiedzi są prawidłowe;Wszystkie odpowiedzi są prawidłowe;Może uprawiać większość dyscyplin sportowych za wyjątkiem nurkowania i wspinaczki;Przewlekła choroba neurologiczna;Osoby chorujące na padaczkę muszą przyjmować leki do końca swojego życia;Tak;Nie wiem;Nie wiem;Wszystkie powyższe odpowiedzi są poprawne;Wszystkie powyższe odpowiedzi są poprawne;FAŁSZ;Nie wiem;Nie wiem;Nie wiem;PRAWDA;PRAWDA;PRAWDA;FAŁSZ;PRAWDA;PRAWDA;Immunologicznego;Przyczyn genetycznych i jest chorobą dziedziczną;Wszystkie powyższe odpowiedzi są poprawne;Wszystkie powyższe odpowiedzi są poprawne;PRAWDA;PRAWDA;PRAWDA;PRAWDA;PRAWDA;PRAWDA;PRAWDA;FAŁSZ;PRAWDA;PRAWDA;Tak
2024/01/15 11:16:18 AM UTC+2;15-16 lat;Kobieta;Polska;Miasto powyżej 500 000 mieszkańców;Z rozszerzoną biologią;Nie;Tak;Nie;Słaba;Nie;;Nie;Nic nie wiem o tej chorobie;FAŁSZ;FAŁSZ;PRAWDA;PRAWDA;Nie wiem;PRAWDA;FAŁSZ;PRAWDA;FAŁSZ;Nie wiem;Wszystkie odpowiedzi są prawidłowe;Wszystkie odpowiedzi są prawidłowe;Może uprawiać większość dyscyplin sportowych za wyjątkiem nurkowania i wspinaczki;Przewlekła choroba neurologiczna;Padaczka jest chorobą uleczalną;FAŁSZ;FAŁSZ;PRAWDA;PRAWDA;FAŁSZ;FAŁSZ;FAŁSZ;PRAWDA;FAŁSZ;FAŁSZ;Wszystkie odpowiedzi są prawidłowe;Wszystkie odpowiedzi są prawidłowe;Może uprawiać większość dyscyplin sportowych za wyjątkiem nurkowania i wspinaczki;Przewlekła choroba neurologiczna;Osoby chorujące na padaczkę muszą przyjmować leki do końca swojego życia;Tak;Nie wiem;Nie wiem;Nie wiem;Nie wiem;Nie wiem;Nie wiem;Nie wiem;Nie wiem;PRAWDA;PRAWDA;Nie wiem;Nie wiem;Nie wiem;Nie wiem;Immunologicznego;Przyczyny stwardnienia rozsianego nie są do końca znane;Wszystkie powyższe odpowiedzi są poprawne;Wszystkie powyższe odpowiedzi są poprawne;FAŁSZ;PRAWDA;PRAWDA;PRAWDA;PRAWDA;PRAWDA;PRAWDA;FAŁSZ;PRAWDA;PRAWDA;Tak
2024/01/15 11:16:19 AM UTC+2;16-17 lat;Mężczyzna;Polska;Miasto powyżej 500 000 mieszkańców;Z rozszerzoną biologią;Nie;Tak;Nie;Średnia;Tak;Internet;Tak;Średnia;PRAWDA;FAŁSZ;PRAWDA;PRAWDA;FAŁSZ;FAŁSZ;FAŁSZ;PRAWDA;PRAWDA;PRAWDA;Drgawki i krótkotrwała utrata świadomości;Wszystkie odpowiedzi są prawidłowe;Może uprawiać większość dyscyplin sportowych za wyjątkiem nurkowania i wspinaczki;Przewlekła choroba neurologiczna;Padaczka jest chorobą uleczalną;FAŁSZ;FAŁSZ;PRAWDA;PRAWDA;FAŁSZ;PRAWDA;FAŁSZ;PRAWDA;PRAWDA;FAŁSZ;Wszystkie odpowiedzi są prawidłowe;Wszystkie odpowiedzi są prawidłowe;Może uprawiać większość dyscyplin sportowych za wyjątkiem nurkowania i wspinaczki;Przewlekła choroba neurologiczna;Osoby chorujące na padaczkę muszą przyjmować leki do końca swojego życia;Nie;Pokarmowego;Przyczyny stwardnienia rozsianego nie są do końca znane;Drętwienie lub osłabienie jednej lub więcej kończyn, zwykle występujące po jednej stronie ciała naraz;Wszystkie powyższe odpowiedzi są poprawne;FAŁSZ;FAŁSZ;PRAWDA;PRAWDA;PRAWDA;PRAWDA;FAŁSZ;PRAWDA;PRAWDA;PRAWDA;Immunologicznego;Przyczyn genetycznych i jest chorobą dziedziczną;Nietrzymanie moczu;Wszystkie powyższe odpowiedzi są poprawne;PRAWDA;PRAWDA;PRAWDA;PRAWDA;PRAWDA;PRAWDA;PRAWDA;FAŁSZ;PRAWDA;PRAWDA;Nie
2024/01/15 11:16:20 AM UTC+2;17-18 lat;Kobieta;Polska;Miasto do 50 000 mieszkańców;Z rozszerzoną biologią;Tak;Tak;Nie;Dobra;Tak;Internet;Nie;Słaba;FAŁSZ;FAŁSZ;PRAWDA;PRAWDA;FAŁSZ;FAŁSZ;FAŁSZ;PRAWDA;FAŁSZ;FAŁSZ;Wszystkie odpowiedzi są prawidłowe;Wszystkie odpowiedzi są prawidłowe;Może uprawiać większość dyscyplin sportowych za wyjątkiem nurkowania i wspinaczki;Przewlekła choroba neurologiczna;Padaczka jest chorobą uleczalną;FAŁSZ;FAŁSZ;PRAWDA;PRAWDA;FAŁSZ;FAŁSZ;FAŁSZ;PRAWDA;FAŁSZ;FAŁSZ;Wszystkie odpowiedzi są prawidłowe;Wszystkie odpowiedzi są prawidłowe;Może uprawiać większość dyscyplin sportowych za wyjątkiem nurkowania i wspinaczki;Przewlekła choroba neurologiczna;Osoby chorujące na padaczkę muszą przyjmować leki do końca swojego życia;Tak;Nie wiem;Przyczyn genetycznych i jest chorobą dziedziczną;Wszystkie powyższe odpowiedzi są poprawne;Wszystkie powyższe odpowiedzi są poprawne;FAŁSZ;Nie wiem;Nie wiem;PRAWDA;Nie wiem;PRAWDA;Nie wiem;Nie wiem;PRAWDA;PRAWDA;Immunologicznego;Przyczyny stwardnienia rozsianego nie są do końca znane;Wszystkie powyższe odpowiedzi są poprawne;Wszystkie powyższe odpowiedzi są poprawne;FAŁSZ;PRAWDA;PRAWDA;PRAWDA;PRAWDA;PRAWDA;PRAWDA;FAŁSZ;PRAWDA;PRAWDA;Tak
2024/01/15 11:16:30 AM UTC+2;14-15 lat;Kobieta;Polska;Miasto powyżej 500 000 mieszkańców;Z rozszerzoną biologią;Nie;Tak;Nie;Słaba;Nie;;Nie;Nic nie wiem o tej chorobie;FAŁSZ;FAŁSZ;PRAWDA;PRAWDA;Nie wiem;FAŁSZ;FAŁSZ;PRAWDA;FAŁSZ;FAŁSZ;Wszystkie odpowiedzi są prawidłowe;Wszystkie odpowiedzi są prawidłowe;Może uprawiać większość dyscyplin sportowych za wyjątkiem nurkowania i wspinaczki;Przewlekła choroba neurologiczna;Padaczka jest chorobą uleczalną;FAŁSZ;FAŁSZ;PRAWDA;PRAWDA;FAŁSZ;FAŁSZ;FAŁSZ;PRAWDA;FAŁSZ;FAŁSZ;Wszystkie odpowiedzi są prawidłowe;Wszystkie odpowiedzi są prawidłowe;Może uprawiać większość dyscyplin sportowych za wyjątkiem nurkowania i wspinaczki;Przewlekła choroba neurologiczna;Osoby chorujące na padaczkę muszą przyjmować leki do końca swojego życia;Tak;Szkieletowego;Przyczyny stwardnienia rozsianego nie są do końca znane;Wszystkie powyższe odpowiedzi są poprawne;Wszystkie powyższe odpowiedzi są poprawne;FAŁSZ;PRAWDA;PRAWDA;PRAWDA;PRAWDA;PRAWDA;PRAWDA;FAŁSZ;PRAWDA;PRAWDA;Immunologicznego;Przyczyny stwardnienia rozsianego nie są do końca znane;Wszystkie powyższe odpowiedzi są poprawne;Wszystkie powyższe odpowiedzi są poprawne;FAŁSZ;PRAWDA;PRAWDA;PRAWDA;PRAWDA;PRAWDA;PRAWDA;FAŁSZ;PRAWDA;PRAWDA;Tak
2024/01/15 11:16:30 AM UTC+2;14-15 lat;Kobieta;Polska;Miasto powyżej 500 000 mieszkańców;Z rozszerzoną biologią;Nie;Tak;Nie;Średnia;Nie;;Nie;Nic nie wiem o tej chorobie;PRAWDA;FAŁSZ;PRAWDA;PRAWDA;FAŁSZ;PRAWDA;PRAWDA;PRAWDA;Nie wiem;FAŁSZ;Wszystkie odpowiedzi są prawidłowe;Wszystkie odpowiedzi są prawidłowe;Może uprawiać większość dyscyplin sportowych za wyjątkiem nurkowania i wspinaczki;Przewlekła choroba neurologiczna;Padaczka jest chorobą uleczalną;FAŁSZ;FAŁSZ;PRAWDA;PRAWDA;FAŁSZ;FAŁSZ;FAŁSZ;PRAWDA;FAŁSZ;FAŁSZ;Wszystkie odpowiedzi są prawidłowe;Wszystkie odpowiedzi są prawidłowe;Może uprawiać większość dyscyplin sportowych za wyjątkiem nurkowania i wspinaczki;Przewlekła choroba neurologiczna;Osoby chorujące na padaczkę muszą przyjmować leki do końca swojego życia;Tak;Pokarmowego;Przyczyny stwardnienia rozsianego nie są do końca znane;Wszystkie powyższe odpowiedzi są poprawne;Wszystkie powyższe odpowiedzi są poprawne;PRAWDA;PRAWDA;FAŁSZ;PRAWDA;PRAWDA;PRAWDA;FAŁSZ;FAŁSZ;PRAWDA;PRAWDA;Immunologicznego;Przyczyny stwardnienia rozsianego nie są do końca znane;Wszystkie powyższe odpowiedzi są poprawne;Wszystkie powyższe odpowiedzi są poprawne;FAŁSZ;PRAWDA;PRAWDA;PRAWDA;PRAWDA;PRAWDA;PRAWDA;PRAWDA;PRAWDA;PRAWDA;Tak
2024/01/15 11:16:33 AM UTC+2;16-17 lat;Kobieta;Polska;Miasto do 50 000 mieszkańców;Z rozszerzoną biologią;Nie;Tak;Nie;Średnia;Tak;Internet;Nie;Słaba;Nie wiem;Nie wiem;Nie wiem;Nie wiem;Nie wiem;Nie wiem;PRAWDA;Nie wiem;PRAWDA;FAŁSZ;Wszystkie odpowiedzi są prawidłowe;Wszystkie odpowiedzi są prawidłowe;Może uprawiać większość dyscyplin sportowych za wyjątkiem nurkowania i wspinaczki;Przewlekła choroba neurologiczna;Padaczka jest chorobą uleczalną;FAŁSZ;FAŁSZ;PRAWDA;PRAWDA;PRAWDA;FAŁSZ;FAŁSZ;PRAWDA;PRAWDA;FAŁSZ;Wszystkie odpowiedzi są prawidłowe;Wszystkie odpowiedzi są prawidłowe;Może uprawiać większość dyscyplin sportowych za wyjątkiem nurkowania i wspinaczki;Przewlekła choroba neurologiczna;Na padaczkę choruje około 1% populacji;Tak;Krwionośnego;Przyczyn genetycznych i jest chorobą dziedziczną;Wszystkie powyższe odpowiedzi są poprawne;Wszystkie powyższe odpowiedzi są poprawne;FAŁSZ;FAŁSZ;PRAWDA;FAŁSZ;FAŁSZ;FAŁSZ;PRAWDA;FAŁSZ;FAŁSZ;PRAWDA;Krwionośnego;Przyczyny stwardnienia rozsianego nie są do końca znane;Wszystkie powyższe odpowiedzi są poprawne;Wszystkie powyższe odpowiedzi są poprawne;PRAWDA;PRAWDA;PRAWDA;PRAWDA;PRAWDA;PRAWDA;PRAWDA;PRAWDA;PRAWDA;PRAWDA;Tak
2024/01/15 11:16:35 AM UTC+2;15-16 lat;Kobieta;Polska;Miasto do 50 000 mieszkańców;Z rozszerzoną biologią;Tak;Nie;Nie;Nic nie wiem o tej chorobie;Nie;;Nie;Nic nie wiem o tej chorobie;Nie wiem;FAŁSZ;PRAWDA;Nie wiem;Nie wiem;Nie wiem;Nie wiem;PRAWDA;Nie wiem;Nie wiem;Wszystkie odpowiedzi są prawidłowe;Wszystkie odpowiedzi są prawidłowe;Może uprawiać większość dyscyplin sportowych za wyjątkiem nurkowania i wspinaczki;Przewlekła choroba neurologiczna;Na padaczkę choruje około 1% populacji;FAŁSZ;FAŁSZ;PRAWDA;PRAWDA;Nie wiem;FAŁSZ;FAŁSZ;PRAWDA;FAŁSZ;PRAWDA;Wszystkie odpowiedzi są prawidłowe;Wszystkie odpowiedzi są prawidłowe;Posiada bezwzględny zakaz prowadzenia samochodu;Przewlekła choroba neurologiczna;Osoby chorujące na padaczkę muszą przyjmować leki do końca swojego życia;Tak;Nie wiem;Nie wiem;Nie wiem;Nie wiem;Nie wiem;Nie wiem;Nie wiem;Nie wiem;Nie wiem;Nie wiem;Nie wiem;Nie wiem;Nie wiem;Nie wiem;Immunologicznego;Przyczyny stwardnienia rozsianego nie są do końca znane;Wszystkie powyższe odpowiedzi są poprawne;Wszystkie powyższe odpowiedzi są poprawne;FAŁSZ;PRAWDA;PRAWDA;PRAWDA;PRAWDA;PRAWDA;PRAWDA;Nie wiem;PRAWDA;Nie wiem;Tak
2024/01/15 11:16:37 AM UTC+2;14-15 lat;Kobieta;Polska;Miasto powyżej 500 000 mieszkańców;Z rozszerzoną biologią;Nie;Tak;Nie;Średnia;Tak;Internet;Nie;Średnia;PRAWDA;FAŁSZ;PRAWDA;FAŁSZ;FAŁSZ;FAŁSZ;FAŁSZ;PRAWDA;PRAWDA;FAŁSZ;Wszystkie odpowiedzi są prawidłowe;Wszystkie odpowiedzi są prawidłowe;Może uprawiać większość dyscyplin sportowych za wyjątkiem nurkowania i wspinaczki;Przewlekła choroba neurologiczna;8% ludzi ma w swoim życiu minimum jeden napad padaczkowy;FAŁSZ;FAŁSZ;PRAWDA;FAŁSZ;FAŁSZ;FAŁSZ;FAŁSZ;PRAWDA;FAŁSZ;FAŁSZ;Wszystkie odpowiedzi są prawidłowe;Wszystkie odpowiedzi są prawidłowe;Może uprawiać większość dyscyplin sportowych za wyjątkiem nurkowania i wspinaczki;Przewlekła choroba neurologiczna;Osoby chorujące na padaczkę muszą przyjmować leki do końca swojego życia;Tak;Szkieletowego;Przyczyny stwardnienia rozsianego nie są do końca znane;Wszystkie powyższe odpowiedzi są poprawne;Wszystkie powyższe odpowiedzi są poprawne;FAŁSZ;FAŁSZ;PRAWDA;PRAWDA;FAŁSZ;PRAWDA;PRAWDA;PRAWDA;PRAWDA;PRAWDA;Immunologicznego;Przyczyny stwardnienia rozsianego nie są do końca znane;Wszystkie powyższe odpowiedzi są poprawne;Wszystkie powyższe odpowiedzi są poprawne;FAŁSZ;PRAWDA;PRAWDA;PRAWDA;PRAWDA;PRAWDA;PRAWDA;FAŁSZ;PRAWDA;PRAWDA;Tak
2024/01/15 11:16:41 AM UTC+2;15-16 lat;Mężczyzna;Polska;Miasto powyżej 500 000 mieszkańców;Z rozszerzoną biologią;Nie;Tak;Tak;Nic nie wiem o tej chorobie;Tak;Internet;Nie;Nic nie wiem o tej chorobie;PRAWDA;FAŁSZ;PRAWDA;PRAWDA;FAŁSZ;FAŁSZ;FAŁSZ;FAŁSZ;FAŁSZ;PRAWDA;Wszystkie odpowiedzi są prawidłowe;Wszystkie odpowiedzi są prawidłowe;Posiada bezwzględny zakaz prowadzenia samochodu;Przewlekła choroba neurologiczna;Padaczka jest chorobą uleczalną;FAŁSZ;FAŁSZ;PRAWDA;PRAWDA;FAŁSZ;FAŁSZ;PRAWDA;FAŁSZ;FAŁSZ;FAŁSZ;Wszystkie odpowiedzi są prawidłowe;Wszystkie odpowiedzi są prawidłowe;Może uprawiać większość dyscyplin sportowych za wyjątkiem nurkowania i wspinaczki;Przewlekła choroba neurologiczna;Osoby chorujące na padaczkę muszą przyjmować leki do końca swojego życia;Tak;Krwionośnego;Przyczyn genetycznych i jest chorobą dziedziczną;Drętwienie lub osłabienie jednej lub więcej kończyn, zwykle występujące po jednej stronie ciała naraz;Zaburzenia funkcji poznawczych (kłopoty z pamięcią i znajdowaniem odpowiednich słów);PRAWDA;PRAWDA;PRAWDA;FAŁSZ;PRAWDA;FAŁSZ;PRAWDA;FAŁSZ;FAŁSZ;PRAWDA;Immunologicznego;Przyczyny stwardnienia rozsianego nie są do końca znane;Wszystkie powyższe odpowiedzi są poprawne;Wszystkie powyższe odpowiedzi są poprawne;FAŁSZ;PRAWDA;PRAWDA;FAŁSZ;PRAWDA;PRAWDA;PRAWDA;FAŁSZ;PRAWDA;PRAWDA;Tak
2024/01/15 11:16:50 AM UTC+2;16-17 lat;Kobieta;Polska;Miasto do 50 000 mieszkańców;Z rozszerzoną biologią;Nie;Tak;Nie;Średnia;Tak;Internet;Nie;Słaba;FAŁSZ;FAŁSZ;PRAWDA;PRAWDA;Nie wiem;FAŁSZ;FAŁSZ;PRAWDA;Nie wiem;Nie wiem;Wszystkie odpowiedzi są prawidłowe;Migające światło;Może uprawiać większość dyscyplin sportowych za wyjątkiem nurkowania i wspinaczki;Przewlekła choroba neurologiczna;Padaczka jest chorobą uleczalną;FAŁSZ;FAŁSZ;PRAWDA;PRAWDA;FAŁSZ;FAŁSZ;FAŁSZ;PRAWDA;FAŁSZ;FAŁSZ;Wszystkie odpowiedzi są prawidłowe;Wszystkie odpowiedzi są prawidłowe;Może uprawiać większość dyscyplin sportowych za wyjątkiem nurkowania i wspinaczki;Przewlekła choroba neurologiczna;Osoby chorujące na padaczkę muszą przyjmować leki do końca swojego życia;Tak;Nie wiem;Przyczyn genetycznych i jest chorobą dziedziczną;Nie wiem;Nie wiem;Nie wiem;Nie wiem;Nie wiem;Nie wiem;Nie wiem;Nie wiem;Nie wiem;Nie wiem;Nie wiem;Nie wiem;Immunologicznego;Przyczyny stwardnienia rozsianego nie są do końca znane;Wszystkie powyższe odpowiedzi są poprawne;Wszystkie powyższe odpowiedzi są poprawne;Nie wiem;PRAWDA;PRAWDA;PRAWDA;PRAWDA;PRAWDA;PRAWDA;FAŁSZ;PRAWDA;PRAWDA;Tak
2024/01/15 11:16:55 AM UTC+2;14-15 lat;Inna;Polska;Miasto do 50 000 mieszkańców;Z rozszerzoną biologią;Nie;Tak;Nie;Średnia;Tak;Internet;Nie;Średnia;FAŁSZ;FAŁSZ;PRAWDA;PRAWDA;FAŁSZ;FAŁSZ;Nie wiem;PRAWDA;FAŁSZ;Nie wiem;Drgawki i krótkotrwała utrata świadomości;Wszystkie odpowiedzi są prawidłowe;Posiada bezwzględny zakaz prowadzenia samochodu;Przewlekła choroba neurologiczna;Padaczka jest chorobą uleczalną;FAŁSZ;FAŁSZ;PRAWDA;PRAWDA;FAŁSZ;FAŁSZ;FAŁSZ;PRAWDA;FAŁSZ;FAŁSZ;Wszystkie odpowiedzi są prawidłowe;Wszystkie odpowiedzi są prawidłowe;Może uprawiać większość dyscyplin sportowych za wyjątkiem nurkowania i wspinaczki;Przewlekła choroba neurologiczna;Osoby chorujące na padaczkę muszą przyjmować leki do końca swojego życia;Tak;Immunologicznego;Przyczyny stwardnienia rozsianego nie są do końca znane;Wszystkie powyższe odpowiedzi są poprawne;Wszystkie powyższe odpowiedzi są poprawne;FAŁSZ;FAŁSZ;PRAWDA;PRAWDA;Nie wiem;PRAWDA;Nie wiem;Nie wiem;PRAWDA;PRAWDA;Immunologicznego;Przyczyny stwardnienia rozsianego nie są do końca znane;Wszystkie powyższe odpowiedzi są poprawne;Wszystkie powyższe odpowiedzi są poprawne;PRAWDA;PRAWDA;PRAWDA;PRAWDA;PRAWDA;PRAWDA;PRAWDA;Nie wiem;PRAWDA;PRAWDA;Tak
2024/01/15 11:17:06 AM UTC+2;Powyżej 20 lat;Mężczyzna;Polska;Miasto do 50 000 mieszkańców;Z rozszerzoną biologią;Tak;Tak;Tak;Bardzo dobra;Tak;Internet;Tak;Bardzo dobra;Nie wiem;FAŁSZ;FAŁSZ;Nie wiem;FAŁSZ;Nie wiem;Nie wiem;Nie wiem;Nie wiem;Nie wiem;Napady nieświadomości, chwilowego wyłączenia;Wszystkie odpowiedzi są prawidłowe;Może uprawiać większość dyscyplin sportowych za wyjątkiem nurkowania i wspinaczki;Choroba występująca tylko w wieku dziecięcym;Padaczka jest chorobą uleczalną;FAŁSZ;FAŁSZ;FAŁSZ;FAŁSZ;PRAWDA;Nie wiem;FAŁSZ;FAŁSZ;FAŁSZ;Nie wiem;Drgawki i krótkotrwała utrata świadomości;Wszystkie odpowiedzi są prawidłowe;Nie może mieć dzieci;Inne określenie na napad drgawek;Osoby chorujące na padaczkę muszą przyjmować leki do końca swojego życia;Inne (jakie?);Pokarmowego;Przyczyn genetycznych i jest chorobą dziedziczną;Zaburzenia równowagi;Zaburzenia funkcji poznawczych (kłopoty z pamięcią i znajdowaniem odpowiednich słów);FAŁSZ;Nie wiem;PRAWDA;FAŁSZ;Nie wiem;Nie wiem;Nie wiem;Nie wiem;Nie wiem;Nie wiem;Immunologicznego;Przyczyny stwardnienia rozsianego nie są do końca znane;Wszystkie powyższe odpowiedzi są poprawne;Niepełnosprawność;FAŁSZ;PRAWDA;Nie wiem;FAŁSZ;PRAWDA;PRAWDA;FAŁSZ;PRAWDA;PRAWDA;PRAWDA;Nie
2024/01/15 11:17:09 AM UTC+2;16-17 lat;Kobieta;Polska;Miasto powyżej 500 000 mieszkańców;Z rozszerzoną biologią;Nie;Tak;Nie;Słaba;Tak;"Szkoła;Internet;Inne (jakie)";Nie;Nic nie wiem o tej chorobie;PRAWDA;FAŁSZ;PRAWDA;PRAWDA;FAŁSZ;Nie wiem;FAŁSZ;Nie wiem;FAŁSZ;FAŁSZ;Wszystkie odpowiedzi są prawidłowe;Wszystkie odpowiedzi są prawidłowe;Posiada bezwzględny zakaz prowadzenia samochodu;Przewlekła choroba neurologiczna;Na padaczkę choruje około 1% populacji;FAŁSZ;FAŁSZ;PRAWDA;FAŁSZ;FAŁSZ;FAŁSZ;FAŁSZ;PRAWDA;FAŁSZ;FAŁSZ;Wszystkie odpowiedzi są prawidłowe;Wszystkie odpowiedzi są prawidłowe;Może uprawiać większość dyscyplin sportowych za wyjątkiem nurkowania i wspinaczki;Przewlekła choroba neurologiczna;Osoby chorujące na padaczkę muszą przyjmować leki do końca swojego życia;Tak;Nie wiem;Nie wiem;Nie wiem;Nie wiem;Nie wiem;Nie wiem;Nie wiem;Nie wiem;Nie wiem;Nie wiem;Nie wiem;Nie wiem;Nie wiem;Nie wiem;Immunologicznego;Przyczyny stwardnienia rozsianego nie są do końca znane;Wszystkie powyższe odpowiedzi są poprawne;Wszystkie powyższe odpowiedzi są poprawne;FAŁSZ;PRAWDA;PRAWDA;PRAWDA;PRAWDA;PRAWDA;PRAWDA;FAŁSZ;PRAWDA;PRAWDA;Tak
2024/01/15 11:17:10 AM UTC+2;14-15 lat;Mężczyzna;Polska;Miasto powyżej 500 000 mieszkańców;Z rozszerzoną biologią;Nie;Tak;Nie;Słaba;Tak;Internet;Nie;Słaba;FAŁSZ;FAŁSZ;PRAWDA;PRAWDA;FAŁSZ;PRAWDA;FAŁSZ;PRAWDA;Nie wiem;PRAWDA;Wszystkie odpowiedzi są prawidłowe;Migające światło;Posiada bezwzględny zakaz prowadzenia samochodu;Przewlekła choroba neurologiczna;Padaczka jest chorobą uleczalną;FAŁSZ;FAŁSZ;PRAWDA;PRAWDA;FAŁSZ;FAŁSZ;PRAWDA;PRAWDA;FAŁSZ;FAŁSZ;Wszystkie odpowiedzi są prawidłowe;Wszystkie odpowiedzi są prawidłowe;Może uprawiać większość dyscyplin sportowych za wyjątkiem nurkowania i wspinaczki;Przewlekła choroba neurologiczna;Osoby chorujące na padaczkę muszą przyjmować leki do końca swojego życia;Tak;Immunologicznego;Przyczyny stwardnienia rozsianego nie są do końca znane;Drętwienie lub osłabienie jednej lub więcej kończyn, zwykle występujące po jednej stronie ciała naraz;Wszystkie powyższe odpowiedzi są poprawne;FAŁSZ;PRAWDA;PRAWDA;PRAWDA;FAŁSZ;PRAWDA;FAŁSZ;PRAWDA;PRAWDA;PRAWDA;Immunologicznego;Przyczyny stwardnienia rozsianego nie są do końca znane;Wszystkie powyższe odpowiedzi są poprawne;Wszystkie powyższe odpowiedzi są poprawne;FAŁSZ;PRAWDA;PRAWDA;PRAWDA;PRAWDA;PRAWDA;PRAWDA;PRAWDA;PRAWDA;PRAWDA;Tak
2024/01/15 11:17:18 AM UTC+2;16-17 lat;Kobieta;Polska;Miasto powyżej 500 000 mieszkańców;Z rozszerzoną biologią;Tak;Tak;Tak;Dobra;Tak;"Rodzina;Znajomi";Nie;Średnia;PRAWDA;FAŁSZ;PRAWDA;Nie wiem;FAŁSZ;PRAWDA;PRAWDA;PRAWDA;Nie wiem;Nie wiem;Wszystkie odpowiedzi są prawidłowe;Stres;Może uprawiać większość dyscyplin sportowych za wyjątkiem nurkowania i wspinaczki;Przewlekła choroba neurologiczna;Padaczka jest chorobą uleczalną;FAŁSZ;FAŁSZ;PRAWDA;PRAWDA;FAŁSZ;FAŁSZ;PRAWDA;PRAWDA;FAŁSZ;PRAWDA;Wszystkie odpowiedzi są prawidłowe;Wszystkie odpowiedzi są prawidłowe;Może uprawiać większość dyscyplin sportowych za wyjątkiem nurkowania i wspinaczki;Przewlekła choroba neurologiczna;Osoby chorujące na padaczkę muszą przyjmować leki do końca swojego życia;Tak;Szkieletowego;Nie wiem;Wszystkie powyższe odpowiedzi są poprawne;Niepełnosprawność;PRAWDA;Nie wiem;Nie wiem;PRAWDA;PRAWDA;PRAWDA;Nie wiem;PRAWDA;Nie wiem;PRAWDA;Szkieletowego;Przyczyny stwardnienia rozsianego nie są do końca znane;Wszystkie powyższe odpowiedzi są poprawne;Wszystkie powyższe odpowiedzi są poprawne;FAŁSZ;PRAWDA;PRAWDA;PRAWDA;PRAWDA;PRAWDA;PRAWDA;PRAWDA;PRAWDA;PRAWDA;Tak
2024/01/15 11:17:28 AM UTC+2;14-15 lat;Kobieta;Polska;Miasto powyżej 500 000 mieszkańców;Z rozszerzoną biologią;Nie;Tak;Nie;Dobra;Nie;;Nie;Nic nie wiem o tej chorobie;FAŁSZ;FAŁSZ;PRAWDA;PRAWDA;FAŁSZ;FAŁSZ;FAŁSZ;PRAWDA;PRAWDA;PRAWDA;Wszystkie odpowiedzi są prawidłowe;Wszystkie odpowiedzi są prawidłowe;Może uprawiać większość dyscyplin sportowych za wyjątkiem nurkowania i wspinaczki;Przewlekła choroba neurologiczna;Osoby chorujące na padaczkę muszą przyjmować leki do końca swojego życia;FAŁSZ;FAŁSZ;PRAWDA;PRAWDA;FAŁSZ;FAŁSZ;FAŁSZ;PRAWDA;PRAWDA;FAŁSZ;Wszystkie odpowiedzi są prawidłowe;Wszystkie odpowiedzi są prawidłowe;Może uprawiać większość dyscyplin sportowych za wyjątkiem nurkowania i wspinaczki;Przewlekła choroba neurologiczna;Osoby chorujące na padaczkę muszą przyjmować leki do końca swojego życia;Tak;Pokarmowego;Przyczyny stwardnienia rozsianego nie są do końca znane;Wszystkie powyższe odpowiedzi są poprawne;Wszystkie powyższe odpowiedzi są poprawne;FAŁSZ;FAŁSZ;PRAWDA;PRAWDA;FAŁSZ;PRAWDA;FAŁSZ;PRAWDA;FAŁSZ;PRAWDA;Pokarmowego;Przyczyny stwardnienia rozsianego nie są do końca znane;Wszystkie powyższe odpowiedzi są poprawne;Wszystkie powyższe odpowiedzi są poprawne;FAŁSZ;PRAWDA;PRAWDA;FAŁSZ;PRAWDA;PRAWDA;PRAWDA;FAŁSZ;PRAWDA;PRAWDA;Tak
2024/01/15 11:17:32 AM UTC+2;15-16 lat;Kobieta;Polska;Miasto do 50 000 mieszkańców;Z rozszerzoną biologią;Nie;Tak;Nie;Słaba;Tak;"Znajomi;Szkoła";Nie;Słaba;PRAWDA;FAŁSZ;PRAWDA;Nie wiem;FAŁSZ;FAŁSZ;Nie wiem;PRAWDA;FAŁSZ;FAŁSZ;Wszystkie odpowiedzi są prawidłowe;Wszystkie odpowiedzi są prawidłowe;Może uprawiać większość dyscyplin sportowych za wyjątkiem nurkowania i wspinaczki;Przewlekła choroba neurologiczna;Osoby chorujące na padaczkę muszą przyjmować leki do końca swojego życia;FAŁSZ;FAŁSZ;PRAWDA;PRAWDA;FAŁSZ;FAŁSZ;FAŁSZ;PRAWDA;FAŁSZ;FAŁSZ;Wszystkie odpowiedzi są prawidłowe;Wszystkie odpowiedzi są prawidłowe;Może uprawiać większość dyscyplin sportowych za wyjątkiem nurkowania i wspinaczki;Przewlekła choroba neurologiczna;Osoby chorujące na padaczkę muszą przyjmować leki do końca swojego życia;Tak;Immunologicznego;Przyczyny stwardnienia rozsianego nie są do końca znane;Wszystkie powyższe odpowiedzi są poprawne;Wszystkie powyższe odpowiedzi są poprawne;Nie wiem;Nie wiem;Nie wiem;Nie wiem;Nie wiem;PRAWDA;PRAWDA;PRAWDA;FAŁSZ;PRAWDA;Immunologicznego;Przyczyny stwardnienia rozsianego nie są do końca znane;Wszystkie powyższe odpowiedzi są poprawne;Wszystkie powyższe odpowiedzi są poprawne;FAŁSZ;PRAWDA;PRAWDA;PRAWDA;PRAWDA;PRAWDA;PRAWDA;PRAWDA;PRAWDA;PRAWDA;Tak
2024/01/15 11:17:36 AM UTC+2;16-17 lat;Mężczyzna;Polska;Miasto powyżej 500 000 mieszkańców;Z rozszerzoną biologią;Nie;Tak;Nie;Średnia;Tak;Kupno kota z hodowli;Tak;Dobra;FAŁSZ;FAŁSZ;PRAWDA;PRAWDA;Nie wiem;FAŁSZ;Nie wiem;Nie wiem;Nie wiem;Nie wiem;Drgawki i krótkotrwała utrata świadomości;Wszystkie odpowiedzi są prawidłowe;Może uprawiać większość dyscyplin sportowych za wyjątkiem nurkowania i wspinaczki;Przewlekła choroba neurologiczna;Padaczka jest chorobą uleczalną;FAŁSZ;FAŁSZ;PRAWDA;PRAWDA;FAŁSZ;FAŁSZ;FAŁSZ;FAŁSZ;FAŁSZ;FAŁSZ;Wszystkie odpowiedzi są prawidłowe;Wszystkie odpowiedzi są prawidłowe;Może uprawiać większość dyscyplin sportowych za wyjątkiem nurkowania i wspinaczki;Przewlekła choroba neurologiczna;Osoby chorujące na padaczkę muszą przyjmować leki do końca swojego życia;Tak;Szkieletowego;Przyczyny stwardnienia rozsianego nie są do końca znane;Wszystkie powyższe odpowiedzi są poprawne;Niepełnosprawność;FAŁSZ;PRAWDA;Nie wiem;Nie wiem;PRAWDA;PRAWDA;PRAWDA;PRAWDA;PRAWDA;PRAWDA;Immunologicznego;Przyczyn genetycznych i jest chorobą dziedziczną;Wszystkie powyższe odpowiedzi są poprawne;Wszystkie powyższe odpowiedzi są poprawne;FAŁSZ;PRAWDA;PRAWDA;FAŁSZ;PRAWDA;PRAWDA;PRAWDA;PRAWDA;PRAWDA;PRAWDA;Tak
2024/01/15 11:17:41 AM UTC+2;16-17 lat;Kobieta;Polska;Miasto od 50 000 do 100 000 mieszkańców;Z rozszerzoną biologią;Nie;Tak;Nie;Dobra;Tak;"Szkoła;Internet";Nie;Słaba;FAŁSZ;FAŁSZ;PRAWDA;PRAWDA;FAŁSZ;Nie wiem;FAŁSZ;PRAWDA;PRAWDA;PRAWDA;Drgawki i krótkotrwała utrata świadomości;Wszystkie odpowiedzi są prawidłowe;Może uprawiać większość dyscyplin sportowych za wyjątkiem nurkowania i wspinaczki;Przewlekła choroba neurologiczna;Osoby chorujące na padaczkę muszą przyjmować leki do końca swojego życia;FAŁSZ;FAŁSZ;PRAWDA;PRAWDA;FAŁSZ;FAŁSZ;FAŁSZ;FAŁSZ;FAŁSZ;FAŁSZ;Wszystkie odpowiedzi są prawidłowe;Wszystkie odpowiedzi są prawidłowe;Może uprawiać większość dyscyplin sportowych za wyjątkiem nurkowania i wspinaczki;Przewlekła choroba neurologiczna;Osoby chorujące na padaczkę muszą przyjmować leki do końca swojego życia;Tak;Immunologicznego;Przyczyny stwardnienia rozsianego nie są do końca znane;Wszystkie powyższe odpowiedzi są poprawne;Wszystkie powyższe odpowiedzi są poprawne;FAŁSZ;PRAWDA;PRAWDA;PRAWDA;Nie wiem;PRAWDA;PRAWDA;PRAWDA;PRAWDA;PRAWDA;Immunologicznego;Przyczyny stwardnienia rozsianego nie są do końca znane;Wszystkie powyższe odpowiedzi są poprawne;Wszystkie powyższe odpowiedzi są poprawne;PRAWDA;PRAWDA;PRAWDA;PRAWDA;PRAWDA;PRAWDA;PRAWDA;FAŁSZ;PRAWDA;PRAWDA;Tak
2024/01/15 11:17:52 AM UTC+2;14-15 lat;Kobieta;Polska;Miasto powyżej 500 000 mieszkańców;Z rozszerzoną biologią;Nie;Tak;Nie;Słaba;Nie;Nie słyszałam ;Nie;Nic nie wiem o tej chorobie;Nie wiem;Nie wiem;PRAWDA;PRAWDA;Nie wiem;PRAWDA;PRAWDA;Nie wiem;Nie wiem;Nie wiem;Wszystkie odpowiedzi są prawidłowe;Migające światło;Posiada bezwzględny zakaz prowadzenia samochodu;Przewlekła choroba neurologiczna;Osoby chorujące na padaczkę muszą przyjmować leki do końca swojego życia;FAŁSZ;PRAWDA;PRAWDA;PRAWDA;FAŁSZ;FAŁSZ;PRAWDA;PRAWDA;PRAWDA;FAŁSZ;Wszystkie odpowiedzi są prawidłowe;Wszystkie odpowiedzi są prawidłowe;Posiada bezwzględny zakaz prowadzenia samochodu;Przewlekła choroba neurologiczna;Osoby chorujące na padaczkę muszą przyjmować leki do końca swojego życia;Tak;Nie wiem;Nie wiem;Nie wiem;Nie wiem;Nie wiem;Nie wiem;Nie wiem;Nie wiem;Nie wiem;Nie wiem;Nie wiem;Nie wiem;Nie wiem;Nie wiem;Immunologicznego;Przyczyny stwardnienia rozsianego nie są do końca znane;Wszystkie powyższe odpowiedzi są poprawne;Wszystkie powyższe odpowiedzi są poprawne;Nie wiem;PRAWDA;PRAWDA;PRAWDA;PRAWDA;PRAWDA;PRAWDA;Nie wiem;PRAWDA;PRAWDA;Tak
2024/01/15 11:18:10 AM UTC+2;16-17 lat;Mężczyzna;Polska;Miasto do 50 000 mieszkańców;Z rozszerzoną biologią;Tak;Tak;Tak;Bardzo dobra;Tak;"Rodzina;Znajomi;Szkoła;Internet";Tak;Dobra;FAŁSZ;FAŁSZ;PRAWDA;PRAWDA;FAŁSZ;FAŁSZ;FAŁSZ;PRAWDA;FAŁSZ;FAŁSZ;Wszystkie odpowiedzi są prawidłowe;Wszystkie odpowiedzi są prawidłowe;Może uprawiać większość dyscyplin sportowych za wyjątkiem nurkowania i wspinaczki;Przewlekła choroba neurologiczna;Na padaczkę choruje około 1% populacji;FAŁSZ;FAŁSZ;PRAWDA;PRAWDA;FAŁSZ;FAŁSZ;FAŁSZ;PRAWDA;FAŁSZ;FAŁSZ;Wszystkie odpowiedzi są prawidłowe;Wszystkie odpowiedzi są prawidłowe;Może uprawiać większość dyscyplin sportowych za wyjątkiem nurkowania i wspinaczki;Przewlekła choroba neurologiczna;Na padaczkę choruje około 1% populacji;Tak;Szkieletowego;Przyczyn genetycznych i jest chorobą dziedziczną;Drętwienie lub osłabienie jednej lub więcej kończyn, zwykle występujące po jednej stronie ciała naraz;Zaburzenia funkcji poznawczych (kłopoty z pamięcią i znajdowaniem odpowiednich słów);FAŁSZ;FAŁSZ;Nie wiem;Nie wiem;PRAWDA;PRAWDA;PRAWDA;PRAWDA;PRAWDA;PRAWDA;Immunologicznego;Przyczyny stwardnienia rozsianego nie są do końca znane;Ból gałki ocznej, zaburzenia widzenia (osłabienie ostrości wzroku lub widzenie podwójne);Niepełnosprawność;FAŁSZ;PRAWDA;PRAWDA;PRAWDA;PRAWDA;PRAWDA;PRAWDA;FAŁSZ;PRAWDA;PRAWDA;Tak
2024/01/15 11:18:30 AM UTC+2;15-16 lat;Kobieta;Polska;Miasto powyżej 500 000 mieszkańców;Z rozszerzoną biologią;Nie;Tak;Nie;Średnia;Tak;"Szkoła;Internet";Nie;Średnia;FAŁSZ;FAŁSZ;PRAWDA;PRAWDA;Nie wiem;FAŁSZ;FAŁSZ;Nie wiem;Nie wiem;FAŁSZ;Wszystkie odpowiedzi są prawidłowe;Wszystkie odpowiedzi są prawidłowe;Posiada bezwzględny zakaz prowadzenia samochodu;Przewlekła choroba neurologiczna;Padaczka jest chorobą uleczalną;FAŁSZ;FAŁSZ;PRAWDA;PRAWDA;FAŁSZ;FAŁSZ;FAŁSZ;PRAWDA;FAŁSZ;FAŁSZ;Wszystkie odpowiedzi są prawidłowe;Wszystkie odpowiedzi są prawidłowe;Może uprawiać większość dyscyplin sportowych za wyjątkiem nurkowania i wspinaczki;Przewlekła choroba neurologiczna;Osoby chorujące na padaczkę muszą przyjmować leki do końca swojego życia;Tak;Immunologicznego;Przyczyny stwardnienia rozsianego nie są do końca znane;Wszystkie powyższe odpowiedzi są poprawne;Wszystkie powyższe odpowiedzi są poprawne;PRAWDA;PRAWDA;Nie wiem;Nie wiem;Nie wiem;Nie wiem;PRAWDA;PRAWDA;FAŁSZ;PRAWDA;Immunologicznego;Przyczyny stwardnienia rozsianego nie są do końca znane;Wszystkie powyższe odpowiedzi są poprawne;Wszystkie powyższe odpowiedzi są poprawne;PRAWDA;PRAWDA;PRAWDA;PRAWDA;PRAWDA;PRAWDA;PRAWDA;FAŁSZ;PRAWDA;PRAWDA;Tak
2024/01/15 11:18:32 AM UTC+2;16-17 lat;Kobieta;Polska;Miasto powyżej 500 000 mieszkańców;Z rozszerzoną biologią;Tak;Tak;Tak;Dobra;Tak;"Rodzina;Szkoła;Internet";Nie;Słaba;FAŁSZ;FAŁSZ;PRAWDA;PRAWDA;Nie wiem;PRAWDA;FAŁSZ;PRAWDA;PRAWDA;FAŁSZ;Wszystkie odpowiedzi są prawidłowe;Wszystkie odpowiedzi są prawidłowe;Posiada bezwzględny zakaz prowadzenia samochodu;Przewlekła choroba neurologiczna;Na padaczkę choruje około 1% populacji;FAŁSZ;FAŁSZ;PRAWDA;PRAWDA;FAŁSZ;FAŁSZ;PRAWDA;PRAWDA;FAŁSZ;FAŁSZ;Wszystkie odpowiedzi są prawidłowe;Wszystkie odpowiedzi są prawidłowe;Może uprawiać większość dyscyplin sportowych za wyjątkiem nurkowania i wspinaczki;Przewlekła choroba neurologiczna;Osoby chorujące na padaczkę muszą przyjmować leki do końca swojego życia;Tak;Nie wiem;Nie wiem;Wszystkie powyższe odpowiedzi są poprawne;Wszystkie powyższe odpowiedzi są poprawne;Nie wiem;Nie wiem;Nie wiem;Nie wiem;Nie wiem;PRAWDA;Nie wiem;Nie wiem;Nie wiem;PRAWDA;Immunologicznego;Przyczyny stwardnienia rozsianego nie są do końca znane;Wszystkie powyższe odpowiedzi są poprawne;Wszystkie powyższe odpowiedzi są poprawne;FAŁSZ;PRAWDA;PRAWDA;PRAWDA;PRAWDA;PRAWDA;PRAWDA;PRAWDA;PRAWDA;PRAWDA;Tak
2024/01/15 11:18:44 AM UTC+2;16-17 lat;Kobieta;Polska;Miasto powyżej 500 000 mieszkańców;Z rozszerzoną biologią;Nie;Tak;Nie;Słaba;Tak;Rodzina;Tak;Średnia;Nie wiem;FAŁSZ;PRAWDA;PRAWDA;Nie wiem;Nie wiem;Nie wiem;PRAWDA;Nie wiem;Nie wiem;Wszystkie odpowiedzi są prawidłowe;Wszystkie odpowiedzi są prawidłowe;Może uprawiać większość dyscyplin sportowych za wyjątkiem nurkowania i wspinaczki;Przewlekła choroba neurologiczna;Leczeniem padaczki zajmuje się lekarz neurolog;FAŁSZ;FAŁSZ;PRAWDA;PRAWDA;FAŁSZ;FAŁSZ;PRAWDA;PRAWDA;FAŁSZ;FAŁSZ;Wszystkie odpowiedzi są prawidłowe;Wszystkie odpowiedzi są prawidłowe;Może uprawiać większość dyscyplin sportowych za wyjątkiem nurkowania i wspinaczki;Przewlekła choroba neurologiczna;Osoby chorujące na padaczkę muszą przyjmować leki do końca swojego życia;Tak;Immunologicznego;Przyczyn genetycznych i jest chorobą dziedziczną;Wszystkie powyższe odpowiedzi są poprawne;Niepełnosprawność;FAŁSZ;Nie wiem;Nie wiem;Nie wiem;PRAWDA;Nie wiem;PRAWDA;PRAWDA;Nie wiem;PRAWDA;Immunologicznego;Przyczyny stwardnienia rozsianego nie są do końca znane;Wszystkie powyższe odpowiedzi są poprawne;Wszystkie powyższe odpowiedzi są poprawne;FAŁSZ;PRAWDA;PRAWDA;PRAWDA;PRAWDA;PRAWDA;PRAWDA;PRAWDA;PRAWDA;PRAWDA;Tak
2024/01/15 11:19:19 AM UTC+2;15-16 lat;Kobieta;Polska;Miasto powyżej 500 000 mieszkańców;Z rozszerzoną biologią;Tak;Tak;Tak;Dobra;Tak;Inne (jakie);Nie;Nic nie wiem o tej chorobie;PRAWDA;FAŁSZ;PRAWDA;PRAWDA;PRAWDA;PRAWDA;PRAWDA;PRAWDA;FAŁSZ;FAŁSZ;Wszystkie odpowiedzi są prawidłowe;Wszystkie odpowiedzi są prawidłowe;Nie może mieć dzieci;Przewlekła choroba neurologiczna;Padaczka jest chorobą uleczalną;FAŁSZ;FAŁSZ;PRAWDA;PRAWDA;FAŁSZ;FAŁSZ;FAŁSZ;PRAWDA;FAŁSZ;FAŁSZ;Wszystkie odpowiedzi są prawidłowe;Wszystkie odpowiedzi są prawidłowe;Może uprawiać większość dyscyplin sportowych za wyjątkiem nurkowania i wspinaczki;Przewlekła choroba neurologiczna;Osoby chorujące na padaczkę muszą przyjmować leki do końca swojego życia;Tak;Pokarmowego;Zanieczyszczeń środowiska;Ból gałki ocznej, zaburzenia widzenia (osłabienie ostrości wzroku lub widzenie podwójne);Zaburzenia psychiczne (depresja, niepokój, wahania nastroju);Nie wiem;Nie wiem;PRAWDA;PRAWDA;PRAWDA;PRAWDA;FAŁSZ;PRAWDA;Nie wiem;FAŁSZ;Immunologicznego;Przyczyn genetycznych i jest chorobą dziedziczną;Wszystkie powyższe odpowiedzi są poprawne;Wszystkie powyższe odpowiedzi są poprawne;FAŁSZ;FAŁSZ;FAŁSZ;PRAWDA;Nie wiem;PRAWDA;PRAWDA;PRAWDA;FAŁSZ;PRAWDA;Nie
2024/01/15 11:20:06 AM UTC+2;Powyżej 20 lat;Kobieta;Polska;Miasto powyżej 500 000 mieszkańców;Z rozszerzoną biologią;Nie;Tak;Nie;Słaba;Tak;Internet;Nie;Słaba;PRAWDA;FAŁSZ;PRAWDA;PRAWDA;PRAWDA;PRAWDA;PRAWDA;PRAWDA;PRAWDA;FAŁSZ;Wszystkie odpowiedzi są prawidłowe;Wszystkie odpowiedzi są prawidłowe;Posiada bezwzględny zakaz prowadzenia samochodu;Przewlekła choroba neurologiczna;Padaczka jest chorobą uleczalną;FAŁSZ;FAŁSZ;PRAWDA;PRAWDA;FAŁSZ;PRAWDA;PRAWDA;PRAWDA;FAŁSZ;FAŁSZ;Wszystkie odpowiedzi są prawidłowe;Wszystkie odpowiedzi są prawidłowe;Posiada bezwzględny zakaz prowadzenia samochodu;Przewlekła choroba neurologiczna;Osoby chorujące na padaczkę muszą przyjmować leki do końca swojego życia;Tak;Pokarmowego;Nie wiem;Nie wiem;Nie wiem;FAŁSZ;FAŁSZ;FAŁSZ;FAŁSZ;FAŁSZ;PRAWDA;Nie wiem;Nie wiem;Nie wiem;Nie wiem;Pokarmowego;Przyczyny stwardnienia rozsianego nie są do końca znane;Wszystkie powyższe odpowiedzi są poprawne;Wszystkie powyższe odpowiedzi są poprawne;FAŁSZ;PRAWDA;PRAWDA;PRAWDA;PRAWDA;PRAWDA;PRAWDA;FAŁSZ;PRAWDA;PRAWDA;Tak
2024/01/15 11:23:12 AM UTC+2;15-16 lat;Kobieta;Polska;Miasto powyżej 500 000 mieszkańców;Z rozszerzoną biologią;Nie;Tak;Nie;Słaba;Tak;"Szkoła;Internet";Nie;Nic nie wiem o tej chorobie;PRAWDA;FAŁSZ;PRAWDA;PRAWDA;PRAWDA;FAŁSZ;PRAWDA;PRAWDA;FAŁSZ;FAŁSZ;Drgawki i krótkotrwała utrata świadomości;Wszystkie odpowiedzi są prawidłowe;Posiada bezwzględny zakaz prowadzenia samochodu;Przewlekła choroba neurologiczna;Padaczka jest chorobą uleczalną;FAŁSZ;FAŁSZ;PRAWDA;PRAWDA;FAŁSZ;FAŁSZ;FAŁSZ;PRAWDA;FAŁSZ;FAŁSZ;Wszystkie odpowiedzi są prawidłowe;Wszystkie odpowiedzi są prawidłowe;Może uprawiać większość dyscyplin sportowych za wyjątkiem nurkowania i wspinaczki;Przewlekła choroba neurologiczna;Osoby chorujące na padaczkę muszą przyjmować leki do końca swojego życia;Tak;Nie wiem;Przyczyn genetycznych i jest chorobą dziedziczną;Nie wiem;Nie wiem;Nie wiem;Nie wiem;Nie wiem;Nie wiem;Nie wiem;Nie wiem;Nie wiem;Nie wiem;Nie wiem;Nie wiem;Krwionośnego;Przyczyny stwardnienia rozsianego nie są do końca znane;Wszystkie powyższe odpowiedzi są poprawne;Wszystkie powyższe odpowiedzi są poprawne;FAŁSZ;Nie wiem;PRAWDA;PRAWDA;FAŁSZ;PRAWDA;PRAWDA;FAŁSZ;PRAWDA;PRAWDA;Tak
2024/01/15 11:25:30 AM UTC+2;15-16 lat;Kobieta;Polska;Miasto do 50 000 mieszkańców;Z rozszerzoną biologią;Nie;Tak;Nie;Słaba;Nie;Lekarz;Nie;Słaba;FAŁSZ;FAŁSZ;PRAWDA;PRAWDA;FAŁSZ;FAŁSZ;PRAWDA;PRAWDA;FAŁSZ;FAŁSZ;Wszystkie odpowiedzi są prawidłowe;Wszystkie odpowiedzi są prawidłowe;Może uprawiać większość dyscyplin sportowych za wyjątkiem nurkowania i wspinaczki;Przewlekła choroba neurologiczna;Osoby chorujące na padaczkę muszą przyjmować leki do końca swojego życia;FAŁSZ;FAŁSZ;PRAWDA;PRAWDA;FAŁSZ;FAŁSZ;FAŁSZ;PRAWDA;FAŁSZ;FAŁSZ;Wszystkie odpowiedzi są prawidłowe;Wszystkie odpowiedzi są prawidłowe;Może uprawiać większość dyscyplin sportowych za wyjątkiem nurkowania i wspinaczki;Przewlekła choroba neurologiczna;Osoby chorujące na padaczkę muszą przyjmować leki do końca swojego życia;Tak;Immunologicznego;Przyczyn genetycznych i jest chorobą dziedziczną;Wszystkie powyższe odpowiedzi są poprawne;Wszystkie powyższe odpowiedzi są poprawne;PRAWDA;PRAWDA;PRAWDA;FAŁSZ;PRAWDA;PRAWDA;PRAWDA;PRAWDA;PRAWDA;PRAWDA;Immunologicznego;Przyczyny stwardnienia rozsianego nie są do końca znane;Wszystkie powyższe odpowiedzi są poprawne;Wszystkie powyższe odpowiedzi są poprawne;PRAWDA;PRAWDA;PRAWDA;PRAWDA;PRAWDA;PRAWDA;PRAWDA;PRAWDA;PRAWDA;PRAWDA;Tak
2024/01/15 11:26:56 AM UTC+2;14-15 lat;Inna;Polska;Miasto powyżej 500 000 mieszkańców;Z rozszerzoną biologią;Nie;Tak;Nie;Średnia;Tak;"Znajomi;Szkoła;Internet";Tak;Średnia;PRAWDA;FAŁSZ;PRAWDA;PRAWDA;Nie wiem;PRAWDA;Nie wiem;PRAWDA;Nie wiem;FAŁSZ;Wszystkie odpowiedzi są prawidłowe;Migające światło;Posiada bezwzględny zakaz prowadzenia samochodu;Przewlekła choroba neurologiczna;Osoby chorujące na padaczkę muszą przyjmować leki do końca swojego życia;FAŁSZ;FAŁSZ;PRAWDA;PRAWDA;FAŁSZ;FAŁSZ;FAŁSZ;PRAWDA;FAŁSZ;FAŁSZ;Wszystkie odpowiedzi są prawidłowe;Wszystkie odpowiedzi są prawidłowe;Może uprawiać większość dyscyplin sportowych za wyjątkiem nurkowania i wspinaczki;Przewlekła choroba neurologiczna;Osoby chorujące na padaczkę muszą przyjmować leki do końca swojego życia;Tak;Immunologicznego;Przyczyn genetycznych i jest chorobą dziedziczną;Wszystkie powyższe odpowiedzi są poprawne;Wszystkie powyższe odpowiedzi są poprawne;Nie wiem;Nie wiem;FAŁSZ;FAŁSZ;PRAWDA;Nie wiem;PRAWDA;Nie wiem;FAŁSZ;FAŁSZ;Immunologicznego;Przyczyny stwardnienia rozsianego nie są do końca znane;Wszystkie powyższe odpowiedzi są poprawne;Wszystkie powyższe odpowiedzi są poprawne;PRAWDA;PRAWDA;PRAWDA;PRAWDA;PRAWDA;PRAWDA;FAŁSZ;PRAWDA;PRAWDA;PRAWDA;Tak
2024/01/15 1:15:46 PM UTC+2;16-17 lat;Kobieta;Polska;Miasto powyżej 500 000 mieszkańców;Inny;Nie;Tak;Nie;Słaba;Tak;Internet;Nie;Słaba;Nie wiem;FAŁSZ;PRAWDA;PRAWDA;Nie wiem;Nie wiem;Nie wiem;Nie wiem;PRAWDA;Nie wiem;Chwilowe zaburzenia mowy i połykania;Migające światło;Posiada bezwzględny zakaz prowadzenia samochodu;Inne określenie na napad drgawek;Na padaczkę choruje około 1% populacji;Nie wiem;FAŁSZ;PRAWDA;FAŁSZ;PRAWDA;FAŁSZ;FAŁSZ;PRAWDA;PRAWDA;FAŁSZ;Drgawki i krótkotrwała utrata świadomości;Alkohol;Może uprawiać większość dyscyplin sportowych za wyjątkiem nurkowania i wspinaczki;Przewlekła choroba neurologiczna;8% ludzi ma w swoim życiu minimum jeden napad padaczkowy;Nie;Immunologicznego;Przyczyny stwardnienia rozsianego nie są do końca znane;Wszystkie powyższe odpowiedzi są poprawne;Zaburzenia funkcji poznawczych (kłopoty z pamięcią i znajdowaniem odpowiednich słów);FAŁSZ;PRAWDA;PRAWDA;PRAWDA;PRAWDA;PRAWDA;PRAWDA;PRAWDA;PRAWDA;PRAWDA;Immunologicznego;Przyczyny stwardnienia rozsianego nie są do końca znane;Wszystkie powyższe odpowiedzi są poprawne;Wszystkie powyższe odpowiedzi są poprawne;FAŁSZ;PRAWDA;PRAWDA;PRAWDA;PRAWDA;PRAWDA;PRAWDA;PRAWDA;PRAWDA;PRAWDA;Tak
2024/05/24 10:00:06 AM UTC+3;16-17 lat;Kobieta;Polska;Miasto powyżej 500 000 mieszkańców;Z rozszerzoną biologią;Nie;Tak;Nie;Średnia;Tak;Internet;Nie;Słaba;FAŁSZ;FAŁSZ;PRAWDA;PRAWDA;PRAWDA;Nie wiem;FAŁSZ;Nie wiem;FAŁSZ;Nie wiem;Wszystkie odpowiedzi są prawidłowe;Wszystkie odpowiedzi są prawidłowe;Posiada bezwzględny zakaz prowadzenia samochodu;Przewlekła choroba neurologiczna;Padaczka jest chorobą uleczalną;FAŁSZ;FAŁSZ;PRAWDA;PRAWDA;FAŁSZ;PRAWDA;FAŁSZ;PRAWDA;FAŁSZ;FAŁSZ;Wszystkie odpowiedzi są prawidłowe;Wszystkie odpowiedzi są prawidłowe;Może uprawiać większość dyscyplin sportowych za wyjątkiem nurkowania i wspinaczki;Przewlekła choroba neurologiczna;Padaczka jest chorobą uleczalną;Tak;Nie wiem;Przyczyny stwardnienia rozsianego nie są do końca znane;Wszystkie powyższe odpowiedzi są poprawne;Wszystkie powyższe odpowiedzi są poprawne;Nie wiem;Nie wiem;Nie wiem;Nie wiem;Nie wiem;Nie wiem;Nie wiem;Nie wiem;Nie wiem;Nie wiem;Immunologicznego;Przyczyn genetycznych i jest chorobą dziedziczną;Wszystkie powyższe odpowiedzi są poprawne;Wszystkie powyższe odpowiedzi są poprawne;Nie wiem;PRAWDA;Nie wiem;PRAWDA;Nie wiem;Nie wiem;PRAWDA;FAŁSZ;PRAWDA;PRAWDA;Tak
2024/05/24 10:28:54 AM UTC+3;16-17 lat;Mężczyzna;Polska;Miasto powyżej 500 000 mieszkańców;Z rozszerzoną biologią;Tak;Tak;Tak;Słaba;Tak;Internet;Tak;Słaba;FAŁSZ;FAŁSZ;PRAWDA;PRAWDA;PRAWDA;Nie wiem;PRAWDA;Nie wiem;Nie wiem;Nie wiem;Wszystkie odpowiedzi są prawidłowe;Wszystkie odpowiedzi są prawidłowe;Może uprawiać większość dyscyplin sportowych za wyjątkiem nurkowania i wspinaczki;Przewlekła choroba neurologiczna;8% ludzi ma w swoim życiu minimum jeden napad padaczkowy;Nie wiem;Nie wiem;Nie wiem;Nie wiem;Nie wiem;Nie wiem;Nie wiem;Nie wiem;Nie wiem;FAŁSZ;Wszystkie odpowiedzi są prawidłowe;Wszystkie odpowiedzi są prawidłowe;Może uprawiać większość dyscyplin sportowych za wyjątkiem nurkowania i wspinaczki;Inne określenie na napad drgawek;8% ludzi ma w swoim życiu minimum jeden napad padaczkowy;Tak;Immunologicznego;Przyczyn genetycznych i jest chorobą dziedziczną;Drętwienie lub osłabienie jednej lub więcej kończyn, zwykle występujące po jednej stronie ciała naraz;Zaburzenia funkcji poznawczych (kłopoty z pamięcią i znajdowaniem odpowiednich słów);Nie wiem;Nie wiem;Nie wiem;Nie wiem;Nie wiem;Nie wiem;Nie wiem;Nie wiem;Nie wiem;Nie wiem;Krwionośnego;Przyczyny stwardnienia rozsianego nie są do końca znane;Drętwienie lub osłabienie jednej lub więcej kończyn, zwykle występujące po jednej stronie ciała naraz;Nie wiem;Nie wiem;Nie wiem;Nie wiem;Nie wiem;Nie wiem;Nie wiem;Nie wiem;Nie wiem;Nie wiem;Nie wiem;Tak
2024/05/24 10:29:37 AM UTC+3;16-17 lat;Kobieta;Polska;Miasto do 50 000 mieszkańców;Z rozszerzoną biologią;Nie;Tak;Nie;Średnia;Tak;Znajomi;Tak;Średnia;FAŁSZ;FAŁSZ;PRAWDA;PRAWDA;Nie wiem;Nie wiem;FAŁSZ;PRAWDA;PRAWDA;Nie wiem;Drgawki i krótkotrwała utrata świadomości;Wszystkie odpowiedzi są prawidłowe;Może uprawiać większość dyscyplin sportowych za wyjątkiem nurkowania i wspinaczki;Przewlekła choroba neurologiczna;8% ludzi ma w swoim życiu minimum jeden napad padaczkowy;FAŁSZ;FAŁSZ;PRAWDA;PRAWDA;FAŁSZ;FAŁSZ;FAŁSZ;FAŁSZ;FAŁSZ;FAŁSZ;Wszystkie odpowiedzi są prawidłowe;Wszystkie odpowiedzi są prawidłowe;Może uprawiać większość dyscyplin sportowych za wyjątkiem nurkowania i wspinaczki;Przewlekła choroba neurologiczna;Osoby chorujące na padaczkę muszą przyjmować leki do końca swojego życia;Tak;Immunologicznego;Przyczyny stwardnienia rozsianego nie są do końca znane;Drętwienie lub osłabienie jednej lub więcej kończyn, zwykle występujące po jednej stronie ciała naraz;Nie wiem;PRAWDA;PRAWDA;Nie wiem;Nie wiem;Nie wiem;Nie wiem;Nie wiem;Nie wiem;Nie wiem;Nie wiem;Immunologicznego;Przyczyny stwardnienia rozsianego nie są do końca znane;Wszystkie powyższe odpowiedzi są poprawne;Wszystkie powyższe odpowiedzi są poprawne;PRAWDA;PRAWDA;PRAWDA;PRAWDA;PRAWDA;PRAWDA;PRAWDA;PRAWDA;PRAWDA;PRAWDA;Tak
2024/05/24 10:29:38 AM UTC+3;16-17 lat;Mężczyzna;Polska;Miasto powyżej 500 000 mieszkańców;Z rozszerzoną biologią;Tak;Tak;Tak;Słaba;Tak;"Rodzina;Znajomi;Szkoła;Internet";Tak;Średnia;PRAWDA;FAŁSZ;PRAWDA;PRAWDA;Nie wiem;PRAWDA;FAŁSZ;PRAWDA;Nie wiem;PRAWDA;Chwilowe zaburzenia mowy i połykania;Stres;Posiada bezwzględny zakaz prowadzenia samochodu;Przewlekła choroba neurologiczna;Padaczka jest chorobą uleczalną;FAŁSZ;FAŁSZ;PRAWDA;PRAWDA;FAŁSZ;FAŁSZ;FAŁSZ;PRAWDA;FAŁSZ;FAŁSZ;Chwilowe zaburzenia węchowe, smakowe lub/i wzrokowe;Alkohol;Może uprawiać większość dyscyplin sportowych za wyjątkiem nurkowania i wspinaczki;Przewlekła choroba neurologiczna;8% ludzi ma w swoim życiu minimum jeden napad padaczkowy;Tak;Szkieletowego;Przyczyn genetycznych i jest chorobą dziedziczną;Ból gałki ocznej, zaburzenia widzenia (osłabienie ostrości wzroku lub widzenie podwójne);Niepełnosprawność;FAŁSZ;Nie wiem;Nie wiem;Nie wiem;PRAWDA;PRAWDA;PRAWDA;PRAWDA;PRAWDA;PRAWDA;Immunologicznego;Przyczyny stwardnienia rozsianego nie są do końca znane;Ból gałki ocznej, zaburzenia widzenia (osłabienie ostrości wzroku lub widzenie podwójne);Kłopoty z pęcherzem, jelitami i funkcjami seksualnymi;PRAWDA;PRAWDA;PRAWDA;FAŁSZ;PRAWDA;FAŁSZ;PRAWDA;PRAWDA;PRAWDA;PRAWDA;Tak
2024/05/24 10:29:49 AM UTC+3;17-18 lat;Kobieta;Polska;Miasto powyżej 500 000 mieszkańców;Z rozszerzoną biologią;Nie;Tak;Nie;Dobra;Tak;"Szkoła;Internet";Nie;Średnia;PRAWDA;FAŁSZ;PRAWDA;PRAWDA;Nie wiem;Nie wiem;FAŁSZ;PRAWDA;Nie wiem;PRAWDA;Wszystkie odpowiedzi są prawidłowe;Migające światło;Może uprawiać większość dyscyplin sportowych za wyjątkiem nurkowania i wspinaczki;Przewlekła choroba neurologiczna;Padaczka jest chorobą uleczalną;FAŁSZ;FAŁSZ;PRAWDA;PRAWDA;FAŁSZ;FAŁSZ;FAŁSZ;PRAWDA;FAŁSZ;PRAWDA;Wszystkie odpowiedzi są prawidłowe;Wszystkie odpowiedzi są prawidłowe;Może uprawiać większość dyscyplin sportowych za wyjątkiem nurkowania i wspinaczki;Przewlekła choroba neurologiczna;Osoby chorujące na padaczkę muszą przyjmować leki do końca swojego życia;Tak;Immunologicznego;Przyczyn genetycznych i jest chorobą dziedziczną;Wszystkie powyższe odpowiedzi są poprawne;Wszystkie powyższe odpowiedzi są poprawne;Nie wiem;Nie wiem;Nie wiem;PRAWDA;Nie wiem;Nie wiem;PRAWDA;FAŁSZ;PRAWDA;PRAWDA;Immunologicznego;Przyczyny stwardnienia rozsianego nie są do końca znane;Wszystkie powyższe odpowiedzi są poprawne;Wszystkie powyższe odpowiedzi są poprawne;PRAWDA;PRAWDA;FAŁSZ;PRAWDA;PRAWDA;Nie wiem;PRAWDA;FAŁSZ;PRAWDA;PRAWDA;Tak
2024/05/24 10:29:51 AM UTC+3;16-17 lat;Kobieta;Polska;Miasto powyżej 500 000 mieszkańców;Z rozszerzoną biologią;Nie;Tak;Nie;Średnia;Tak;Internet;Nie;Słaba;Nie wiem;FAŁSZ;PRAWDA;PRAWDA;Nie wiem;PRAWDA;PRAWDA;Nie wiem;Nie wiem;PRAWDA;Wszystkie odpowiedzi są prawidłowe;Migające światło;Może uprawiać większość dyscyplin sportowych za wyjątkiem nurkowania i wspinaczki;Przewlekła choroba neurologiczna;Na padaczkę choruje około 1% populacji;FAŁSZ;FAŁSZ;PRAWDA;PRAWDA;FAŁSZ;FAŁSZ;FAŁSZ;PRAWDA;FAŁSZ;Nie wiem;Wszystkie odpowiedzi są prawidłowe;Wszystkie odpowiedzi są prawidłowe;Może uprawiać większość dyscyplin sportowych za wyjątkiem nurkowania i wspinaczki;Przewlekła choroba neurologiczna;Osoby chorujące na padaczkę muszą przyjmować leki do końca swojego życia;Tak;Nie wiem;Nie wiem;Nie wiem;Wszystkie powyższe odpowiedzi są poprawne;FAŁSZ;Nie wiem;Nie wiem;Nie wiem;Nie wiem;Nie wiem;Nie wiem;Nie wiem;PRAWDA;PRAWDA;Immunologicznego;Przyczyny stwardnienia rozsianego nie są do końca znane;Wszystkie powyższe odpowiedzi są poprawne;Wszystkie powyższe odpowiedzi są poprawne;PRAWDA;PRAWDA;Nie wiem;PRAWDA;PRAWDA;Nie wiem;PRAWDA;Nie wiem;PRAWDA;PRAWDA;Tak
2024/05/24 10:29:52 AM UTC+3;16-17 lat;Kobieta;Polska;Miasto do 50 000 mieszkańców;Z rozszerzoną biologią;Nie;Tak;Nie;Średnia;Tak;Rodzina;Nie;Słaba;FAŁSZ;FAŁSZ;PRAWDA;PRAWDA;FAŁSZ;PRAWDA;FAŁSZ;PRAWDA;FAŁSZ;PRAWDA;Wszystkie odpowiedzi są prawidłowe;Wszystkie odpowiedzi są prawidłowe;Może uprawiać większość dyscyplin sportowych za wyjątkiem nurkowania i wspinaczki;Przewlekła choroba neurologiczna;Padaczka jest chorobą uleczalną;FAŁSZ;FAŁSZ;PRAWDA;PRAWDA;FAŁSZ;FAŁSZ;FAŁSZ;PRAWDA;FAŁSZ;FAŁSZ;Wszystkie odpowiedzi są prawidłowe;Wszystkie odpowiedzi są prawidłowe;Może uprawiać większość dyscyplin sportowych za wyjątkiem nurkowania i wspinaczki;Przewlekła choroba neurologiczna;Padaczka jest chorobą uleczalną;Tak;Immunologicznego;Przyczyny stwardnienia rozsianego nie są do końca znane;Nie wiem;Nie wiem;FAŁSZ;FAŁSZ;Nie wiem;Nie wiem;Nie wiem;PRAWDA;PRAWDA;Nie wiem;Nie wiem;Nie wiem;Immunologicznego;Przyczyny stwardnienia rozsianego nie są do końca znane;Wszystkie powyższe odpowiedzi są poprawne;Wszystkie powyższe odpowiedzi są poprawne;FAŁSZ;PRAWDA;PRAWDA;PRAWDA;PRAWDA;PRAWDA;PRAWDA;FAŁSZ;PRAWDA;PRAWDA;Tak
2024/05/24 10:29:53 AM UTC+3;15-16 lat;Kobieta;Polska;Miasto powyżej 500 000 mieszkańców;Z rozszerzoną biologią;Nie;Tak;Nie;Dobra;Tak;"Rodzina;Znajomi;Internet";Nie;Nic nie wiem o tej chorobie;FAŁSZ;FAŁSZ;PRAWDA;PRAWDA;FAŁSZ;FAŁSZ;FAŁSZ;PRAWDA;FAŁSZ;Nie wiem;Wszystkie odpowiedzi są prawidłowe;Wszystkie odpowiedzi są prawidłowe;Może uprawiać większość dyscyplin sportowych za wyjątkiem nurkowania i wspinaczki;Przewlekła choroba neurologiczna;Padaczka jest chorobą uleczalną;FAŁSZ;FAŁSZ;PRAWDA;PRAWDA;FAŁSZ;FAŁSZ;FAŁSZ;PRAWDA;FAŁSZ;Nie wiem;Wszystkie odpowiedzi są prawidłowe;Wszystkie odpowiedzi są prawidłowe;Może uprawiać większość dyscyplin sportowych za wyjątkiem nurkowania i wspinaczki;Przewlekła choroba neurologiczna;Osoby chorujące na padaczkę muszą przyjmować leki do końca swojego życia;Tak;Immunologicznego;Nie wiem;Nie wiem;Nie wiem;Nie wiem;Nie wiem;Nie wiem;Nie wiem;FAŁSZ;PRAWDA;Nie wiem;Nie wiem;PRAWDA;PRAWDA;Immunologicznego;Przyczyny stwardnienia rozsianego nie są do końca znane;Wszystkie powyższe odpowiedzi są poprawne;Wszystkie powyższe odpowiedzi są poprawne;PRAWDA;PRAWDA;PRAWDA;PRAWDA;Nie wiem;Nie wiem;PRAWDA;FAŁSZ;PRAWDA;PRAWDA;Tak
2024/05/24 10:29:55 AM UTC+3;16-17 lat;Kobieta;Polska;Miasto powyżej 500 000 mieszkańców;Z rozszerzoną biologią;Nie;Tak;Nie;Średnia;Tak;Rodzina;Nie;Słaba;FAŁSZ;FAŁSZ;PRAWDA;PRAWDA;Nie wiem;FAŁSZ;PRAWDA;PRAWDA;Nie wiem;FAŁSZ;Drgawki i krótkotrwała utrata świadomości;Wszystkie odpowiedzi są prawidłowe;Może uprawiać większość dyscyplin sportowych za wyjątkiem nurkowania i wspinaczki;Przewlekła choroba neurologiczna;Na padaczkę choruje około 1% populacji;FAŁSZ;FAŁSZ;PRAWDA;PRAWDA;FAŁSZ;FAŁSZ;FAŁSZ;PRAWDA;FAŁSZ;FAŁSZ;Wszystkie odpowiedzi są prawidłowe;Wszystkie odpowiedzi są prawidłowe;Może uprawiać większość dyscyplin sportowych za wyjątkiem nurkowania i wspinaczki;Przewlekła choroba neurologiczna;Osoby chorujące na padaczkę muszą przyjmować leki do końca swojego życia;Tak;Pokarmowego;Przyczyny stwardnienia rozsianego nie są do końca znane;Nie wiem;Kłopoty z pęcherzem, jelitami i funkcjami seksualnymi;FAŁSZ;PRAWDA;FAŁSZ;PRAWDA;PRAWDA;PRAWDA;FAŁSZ;PRAWDA;Nie wiem;PRAWDA;Immunologicznego;Przyczyny stwardnienia rozsianego nie są do końca znane;Wszystkie powyższe odpowiedzi są poprawne;Wszystkie powyższe odpowiedzi są poprawne;PRAWDA;PRAWDA;PRAWDA;PRAWDA;PRAWDA;PRAWDA;PRAWDA;FAŁSZ;PRAWDA;PRAWDA;Tak
2024/05/24 10:30:02 AM UTC+3;15-16 lat;Mężczyzna;Polska;Miasto powyżej 500 000 mieszkańców;Z rozszerzoną biologią;Tak;Tak;Tak;Dobra;Nie;Inne (jakie);Nie;Nic nie wiem o tej chorobie;FAŁSZ;FAŁSZ;PRAWDA;PRAWDA;FAŁSZ;FAŁSZ;PRAWDA;PRAWDA;PRAWDA;Nie wiem;Wszystkie odpowiedzi są prawidłowe;Migające światło;Posiada bezwzględny zakaz prowadzenia samochodu;Przewlekła choroba neurologiczna;Osoby chorujące na padaczkę muszą przyjmować leki do końca swojego życia;FAŁSZ;FAŁSZ;PRAWDA;PRAWDA;FAŁSZ;FAŁSZ;FAŁSZ;PRAWDA;FAŁSZ;FAŁSZ;Wszystkie odpowiedzi są prawidłowe;Wszystkie odpowiedzi są prawidłowe;Może uprawiać większość dyscyplin sportowych za wyjątkiem nurkowania i wspinaczki;Przewlekła choroba neurologiczna;Osoby chorujące na padaczkę muszą przyjmować leki do końca swojego życia;Tak;Nie wiem;Nie wiem;Nie wiem;Nie wiem;Nie wiem;Nie wiem;Nie wiem;Nie wiem;Nie wiem;Nie wiem;Nie wiem;Nie wiem;Nie wiem;Nie wiem;Immunologicznego;Przyczyny stwardnienia rozsianego nie są do końca znane;Wszystkie powyższe odpowiedzi są poprawne;Niepełnosprawność;PRAWDA;PRAWDA;FAŁSZ;PRAWDA;PRAWDA;FAŁSZ;FAŁSZ;PRAWDA;PRAWDA;PRAWDA;Tak
2024/05/24 10:30:03 AM UTC+3;16-17 lat;Kobieta;Polska;Miasto powyżej 500 000 mieszkańców;Z rozszerzoną biologią;Nie;Tak;Nie;Dobra;Nie;;Nie;Nic nie wiem o tej chorobie;FAŁSZ;FAŁSZ;PRAWDA;PRAWDA;Nie wiem;FAŁSZ;Nie wiem;PRAWDA;Nie wiem;Nie wiem;Drgawki i krótkotrwała utrata świadomości;Wszystkie odpowiedzi są prawidłowe;Może uprawiać większość dyscyplin sportowych za wyjątkiem nurkowania i wspinaczki;Przewlekła choroba neurologiczna;Padaczka jest chorobą uleczalną;FAŁSZ;FAŁSZ;PRAWDA;PRAWDA;FAŁSZ;FAŁSZ;FAŁSZ;PRAWDA;FAŁSZ;FAŁSZ;Wszystkie odpowiedzi są prawidłowe;Wszystkie odpowiedzi są prawidłowe;Może uprawiać większość dyscyplin sportowych za wyjątkiem nurkowania i wspinaczki;Przewlekła choroba neurologiczna;Osoby chorujące na padaczkę muszą przyjmować leki do końca swojego życia;Tak;Nie wiem;Nie wiem;Nie wiem;Nie wiem;Nie wiem;Nie wiem;Nie wiem;Nie wiem;Nie wiem;Nie wiem;Nie wiem;Nie wiem;Nie wiem;Nie wiem;Immunologicznego;Przyczyny stwardnienia rozsianego nie są do końca znane;Wszystkie powyższe odpowiedzi są poprawne;Wszystkie powyższe odpowiedzi są poprawne;PRAWDA;PRAWDA;PRAWDA;PRAWDA;FAŁSZ;FAŁSZ;PRAWDA;PRAWDA;PRAWDA;PRAWDA;Tak
2024/05/24 10:30:04 AM UTC+3;15-16 lat;Mężczyzna;Polska;Miasto powyżej 500 000 mieszkańców;Z rozszerzoną biologią;Nie;Tak;Nie;Dobra;Tak;Szkoła;Nie;Średnia;PRAWDA;FAŁSZ;PRAWDA;PRAWDA;Nie wiem;FAŁSZ;FAŁSZ;PRAWDA;Nie wiem;Nie wiem;Wszystkie odpowiedzi są prawidłowe;Migające światło;Może uprawiać większość dyscyplin sportowych za wyjątkiem nurkowania i wspinaczki;Przewlekła choroba neurologiczna;Padaczka jest chorobą uleczalną;FAŁSZ;FAŁSZ;PRAWDA;PRAWDA;FAŁSZ;FAŁSZ;FAŁSZ;PRAWDA;FAŁSZ;FAŁSZ;Wszystkie odpowiedzi są prawidłowe;Wszystkie odpowiedzi są prawidłowe;Może uprawiać większość dyscyplin sportowych za wyjątkiem nurkowania i wspinaczki;Przewlekła choroba neurologiczna;Osoby chorujące na padaczkę muszą przyjmować leki do końca swojego życia;Tak;Immunologicznego;Przyczyny stwardnienia rozsianego nie są do końca znane;Drętwienie lub osłabienie jednej lub więcej kończyn, zwykle występujące po jednej stronie ciała naraz;Wszystkie powyższe odpowiedzi są poprawne;FAŁSZ;PRAWDA;PRAWDA;Nie wiem;Nie wiem;Nie wiem;Nie wiem;PRAWDA;PRAWDA;PRAWDA;Immunologicznego;Przyczyny stwardnienia rozsianego nie są do końca znane;Wszystkie powyższe odpowiedzi są poprawne;Wszystkie powyższe odpowiedzi są poprawne;PRAWDA;PRAWDA;PRAWDA;PRAWDA;PRAWDA;Nie wiem;PRAWDA;FAŁSZ;PRAWDA;PRAWDA;Tak
2024/05/24 10:30:10 AM UTC+3;16-17 lat;Kobieta;Polska;Miasto od 100 000 do 500 000 mieszkańców;Z rozszerzoną biologią;Tak;Tak;Nie;Średnia;Nie;Inne (jakie);Nie;Słaba;PRAWDA;FAŁSZ;PRAWDA;PRAWDA;FAŁSZ;PRAWDA;PRAWDA;PRAWDA;FAŁSZ;FAŁSZ;Drgawki i krótkotrwała utrata świadomości;Wszystkie odpowiedzi są prawidłowe;Posiada bezwzględny zakaz prowadzenia samochodu;Przewlekła choroba neurologiczna;Leczeniem padaczki zajmuje się lekarz neurolog;FAŁSZ;FAŁSZ;PRAWDA;PRAWDA;FAŁSZ;FAŁSZ;FAŁSZ;PRAWDA;FAŁSZ;FAŁSZ;Wszystkie odpowiedzi są prawidłowe;Wszystkie odpowiedzi są prawidłowe;Może uprawiać większość dyscyplin sportowych za wyjątkiem nurkowania i wspinaczki;Przewlekła choroba neurologiczna;Osoby chorujące na padaczkę muszą przyjmować leki do końca swojego życia;Tak;Pokarmowego;Przyczyny stwardnienia rozsianego nie są do końca znane;Wszystkie powyższe odpowiedzi są poprawne;Kłopoty z pęcherzem, jelitami i funkcjami seksualnymi;Nie wiem;Nie wiem;FAŁSZ;PRAWDA;PRAWDA;PRAWDA;Nie wiem;PRAWDA;PRAWDA;PRAWDA;Immunologicznego;Przyczyny stwardnienia rozsianego nie są do końca znane;Wszystkie powyższe odpowiedzi są poprawne;Wszystkie powyższe odpowiedzi są poprawne;PRAWDA;PRAWDA;PRAWDA;PRAWDA;PRAWDA;FAŁSZ;PRAWDA;FAŁSZ;PRAWDA;PRAWDA;Tak
2024/05/24 10:30:20 AM UTC+3;16-17 lat;Mężczyzna;Polska;Miasto powyżej 500 000 mieszkańców;Z rozszerzoną biologią;Nie;Tak;Nie;Średnia;Tak;Internet;Nie;Średnia;FAŁSZ;FAŁSZ;PRAWDA;PRAWDA;FAŁSZ;PRAWDA;FAŁSZ;PRAWDA;Nie wiem;FAŁSZ;Wszystkie odpowiedzi są prawidłowe;Wszystkie odpowiedzi są prawidłowe;Posiada bezwzględny zakaz prowadzenia samochodu;Przewlekła choroba neurologiczna;8% ludzi ma w swoim życiu minimum jeden napad padaczkowy;FAŁSZ;FAŁSZ;PRAWDA;PRAWDA;PRAWDA;FAŁSZ;FAŁSZ;PRAWDA;FAŁSZ;FAŁSZ;Wszystkie odpowiedzi są prawidłowe;Wszystkie odpowiedzi są prawidłowe;Może uprawiać większość dyscyplin sportowych za wyjątkiem nurkowania i wspinaczki;Przewlekła choroba neurologiczna;8% ludzi ma w swoim życiu minimum jeden napad padaczkowy;Tak;Nie wiem;Przyczyny stwardnienia rozsianego nie są do końca znane;Wszystkie powyższe odpowiedzi są poprawne;Wszystkie powyższe odpowiedzi są poprawne;FAŁSZ;Nie wiem;Nie wiem;PRAWDA;Nie wiem;Nie wiem;Nie wiem;Nie wiem;Nie wiem;Nie wiem;Immunologicznego;Przyczyny stwardnienia rozsianego nie są do końca znane;Drętwienie lub osłabienie jednej lub więcej kończyn, zwykle występujące po jednej stronie ciała naraz;Wszystkie powyższe odpowiedzi są poprawne;PRAWDA;PRAWDA;PRAWDA;PRAWDA;PRAWDA;Nie wiem;PRAWDA;Nie wiem;PRAWDA;PRAWDA;Tak
2024/05/24 10:30:20 AM UTC+3;16-17 lat;Kobieta;Polska;Miasto do 50 000 mieszkańców;Z rozszerzoną biologią;Tak;Tak;Nie;Średnia;Tak;"Rodzina;Znajomi;Szkoła;Internet";Tak;Słaba;FAŁSZ;FAŁSZ;PRAWDA;PRAWDA;FAŁSZ;FAŁSZ;FAŁSZ;PRAWDA;FAŁSZ;FAŁSZ;Drgawki i krótkotrwała utrata świadomości;Wszystkie odpowiedzi są prawidłowe;Może uprawiać większość dyscyplin sportowych za wyjątkiem nurkowania i wspinaczki;Przewlekła choroba neurologiczna;Osoby chorujące na padaczkę muszą przyjmować leki do końca swojego życia;FAŁSZ;FAŁSZ;PRAWDA;PRAWDA;FAŁSZ;FAŁSZ;FAŁSZ;PRAWDA;FAŁSZ;FAŁSZ;Wszystkie odpowiedzi są prawidłowe;Wszystkie odpowiedzi są prawidłowe;Może uprawiać większość dyscyplin sportowych za wyjątkiem nurkowania i wspinaczki;Przewlekła choroba neurologiczna;Osoby chorujące na padaczkę muszą przyjmować leki do końca swojego życia;Tak;Szkieletowego;Przyczyny stwardnienia rozsianego nie są do końca znane;Nie wiem;Nie wiem;FAŁSZ;FAŁSZ;FAŁSZ;Nie wiem;Nie wiem;Nie wiem;Nie wiem;Nie wiem;Nie wiem;Nie wiem;Immunologicznego;Przyczyny stwardnienia rozsianego nie są do końca znane;Wszystkie powyższe odpowiedzi są poprawne;Wszystkie powyższe odpowiedzi są poprawne;FAŁSZ;PRAWDA;PRAWDA;PRAWDA;PRAWDA;PRAWDA;PRAWDA;FAŁSZ;PRAWDA;PRAWDA;Tak
2024/05/24 10:30:34 AM UTC+3;16-17 lat;Mężczyzna;Polska;Miasto od 100 000 do 500 000 mieszkańców;Z rozszerzoną biologią;Nie;Tak;Nie;Średnia;Tak;"Rodzina;Znajomi";Nie;Słaba;Nie wiem;FAŁSZ;PRAWDA;PRAWDA;Nie wiem;FAŁSZ;PRAWDA;Nie wiem;FAŁSZ;Nie wiem;Drgawki i krótkotrwała utrata świadomości;Alkohol;Posiada bezwzględny zakaz prowadzenia samochodu;Przewlekła choroba neurologiczna;Na padaczkę choruje około 1% populacji;FAŁSZ;FAŁSZ;PRAWDA;PRAWDA;FAŁSZ;FAŁSZ;FAŁSZ;PRAWDA;FAŁSZ;FAŁSZ;Wszystkie odpowiedzi są prawidłowe;Wszystkie odpowiedzi są prawidłowe;Może uprawiać większość dyscyplin sportowych za wyjątkiem nurkowania i wspinaczki;Przewlekła choroba neurologiczna;Osoby chorujące na padaczkę muszą przyjmować leki do końca swojego życia;Tak;Nie wiem;Nie wiem;Nie wiem;Nie wiem;Nie wiem;Nie wiem;Nie wiem;Nie wiem;Nie wiem;Nie wiem;Nie wiem;Nie wiem;Nie wiem;Nie wiem;Immunologicznego;Przyczyny stwardnienia rozsianego nie są do końca znane;Wszystkie powyższe odpowiedzi są poprawne;Wszystkie powyższe odpowiedzi są poprawne;PRAWDA;PRAWDA;PRAWDA;PRAWDA;PRAWDA;Nie wiem;PRAWDA;PRAWDA;PRAWDA;PRAWDA;Tak
2024/05/24 10:30:37 AM UTC+3;15-16 lat;Kobieta;Polska;Miasto powyżej 500 000 mieszkańców;Z rozszerzoną biologią;Nie;Tak;Nie;Średnia;Tak;Internet;Nie;Średnia;Nie wiem;FAŁSZ;PRAWDA;PRAWDA;Nie wiem;FAŁSZ;PRAWDA;Nie wiem;FAŁSZ;Nie wiem;Wszystkie odpowiedzi są prawidłowe;Wszystkie odpowiedzi są prawidłowe;Może uprawiać większość dyscyplin sportowych za wyjątkiem nurkowania i wspinaczki;Przewlekła choroba neurologiczna;Leczeniem padaczki zajmuje się lekarz neurolog;FAŁSZ;FAŁSZ;PRAWDA;PRAWDA;Nie wiem;FAŁSZ;FAŁSZ;PRAWDA;FAŁSZ;PRAWDA;Wszystkie odpowiedzi są prawidłowe;Wszystkie odpowiedzi są prawidłowe;Może uprawiać większość dyscyplin sportowych za wyjątkiem nurkowania i wspinaczki;Przewlekła choroba neurologiczna;8% ludzi ma w swoim życiu minimum jeden napad padaczkowy;Tak;Immunologicznego;Nie wiem;Wszystkie powyższe odpowiedzi są poprawne;Nie wiem;FAŁSZ;FAŁSZ;Nie wiem;Nie wiem;PRAWDA;Nie wiem;FAŁSZ;FAŁSZ;Nie wiem;Nie wiem;Immunologicznego;Zanieczyszczeń środowiska;Wszystkie powyższe odpowiedzi są poprawne;Wszystkie powyższe odpowiedzi są poprawne;PRAWDA;PRAWDA;PRAWDA;PRAWDA;FAŁSZ;Nie wiem;PRAWDA;PRAWDA;PRAWDA;PRAWDA;Tak
2024/05/24 10:30:45 AM UTC+3;15-16 lat;Kobieta;Polska;Miasto powyżej 500 000 mieszkańców;Z rozszerzoną biologią;Nie;Tak;Tak;Dobra;Nie;Nie slyszalam ;Nie;Nic nie wiem o tej chorobie;FAŁSZ;FAŁSZ;PRAWDA;PRAWDA;FAŁSZ;FAŁSZ;PRAWDA;PRAWDA;FAŁSZ;Nie wiem;Chwilowe zaburzenia mowy i połykania;Migające światło;Może uprawiać większość dyscyplin sportowych za wyjątkiem nurkowania i wspinaczki;Przewlekła choroba neurologiczna;Leczeniem padaczki zajmuje się lekarz neurolog;FAŁSZ;FAŁSZ;PRAWDA;PRAWDA;FAŁSZ;FAŁSZ;FAŁSZ;PRAWDA;FAŁSZ;Nie wiem;Wszystkie odpowiedzi są prawidłowe;Wszystkie odpowiedzi są prawidłowe;Może uprawiać większość dyscyplin sportowych za wyjątkiem nurkowania i wspinaczki;Przewlekła choroba neurologiczna;8% ludzi ma w swoim życiu minimum jeden napad padaczkowy;Tak;Nie wiem;Nie wiem;Nie wiem;Nie wiem;Nie wiem;Nie wiem;Nie wiem;Nie wiem;Nie wiem;Nie wiem;Nie wiem;Nie wiem;Nie wiem;Nie wiem;Immunologicznego;Przyczyny stwardnienia rozsianego nie są do końca znane;Wszystkie powyższe odpowiedzi są poprawne;Niepełnosprawność;PRAWDA;PRAWDA;PRAWDA;PRAWDA;PRAWDA;FAŁSZ;PRAWDA;PRAWDA;PRAWDA;Nie wiem;Tak
2024/05/24 10:30:46 AM UTC+3;15-16 lat;Kobieta;Polska;Miasto powyżej 500 000 mieszkańców;Z rozszerzoną biologią;Nie;Tak;Nie;Dobra;Nie;;Nie;Nic nie wiem o tej chorobie;FAŁSZ;FAŁSZ;PRAWDA;PRAWDA;FAŁSZ;FAŁSZ;FAŁSZ;PRAWDA;Nie wiem;Nie wiem;Drgawki i krótkotrwała utrata świadomości;Wszystkie odpowiedzi są prawidłowe;Może uprawiać większość dyscyplin sportowych za wyjątkiem nurkowania i wspinaczki;Przewlekła choroba neurologiczna;Padaczka jest chorobą uleczalną;FAŁSZ;FAŁSZ;PRAWDA;PRAWDA;FAŁSZ;FAŁSZ;FAŁSZ;PRAWDA;FAŁSZ;Nie wiem;Drgawki i krótkotrwała utrata świadomości;Wszystkie odpowiedzi są prawidłowe;Może uprawiać większość dyscyplin sportowych za wyjątkiem nurkowania i wspinaczki;Przewlekła choroba neurologiczna;Osoby chorujące na padaczkę muszą przyjmować leki do końca swojego życia;Tak;Nie wiem;Nie wiem;Nie wiem;Nie wiem;Nie wiem;Nie wiem;PRAWDA;PRAWDA;PRAWDA;PRAWDA;PRAWDA;PRAWDA;PRAWDA;PRAWDA;Immunologicznego;Przyczyny stwardnienia rozsianego nie są do końca znane;Wszystkie powyższe odpowiedzi są poprawne;Wszystkie powyższe odpowiedzi są poprawne;PRAWDA;PRAWDA;FAŁSZ;FAŁSZ;PRAWDA;PRAWDA;PRAWDA;Nie wiem;PRAWDA;PRAWDA;Tak
2024/05/24 10:30:49 AM UTC+3;15-16 lat;Kobieta;Polska;Miasto powyżej 500 000 mieszkańców;Z rozszerzoną biologią;Nie;Nie;Nie;Słaba;Nie;Inne (jakie);Nie;Słaba;FAŁSZ;FAŁSZ;PRAWDA;PRAWDA;FAŁSZ;FAŁSZ;PRAWDA;PRAWDA;Nie wiem;Nie wiem;Drgawki i krótkotrwała utrata świadomości;Wszystkie odpowiedzi są prawidłowe;Może uprawiać większość dyscyplin sportowych za wyjątkiem nurkowania i wspinaczki;Przewlekła choroba neurologiczna;Padaczka jest chorobą uleczalną;FAŁSZ;FAŁSZ;PRAWDA;PRAWDA;FAŁSZ;FAŁSZ;FAŁSZ;PRAWDA;FAŁSZ;PRAWDA;Drgawki i krótkotrwała utrata świadomości;Wszystkie odpowiedzi są prawidłowe;Może uprawiać większość dyscyplin sportowych za wyjątkiem nurkowania i wspinaczki;Przewlekła choroba neurologiczna;Padaczka jest chorobą uleczalną;Nie;Immunologicznego;Przyczyn genetycznych i jest chorobą dziedziczną;Drętwienie lub osłabienie jednej lub więcej kończyn, zwykle występujące po jednej stronie ciała naraz;Niepełnosprawność;FAŁSZ;PRAWDA;PRAWDA;FAŁSZ;PRAWDA;PRAWDA;PRAWDA;PRAWDA;FAŁSZ;PRAWDA;Immunologicznego;Przyczyny stwardnienia rozsianego nie są do końca znane;Wszystkie powyższe odpowiedzi są poprawne;Wszystkie powyższe odpowiedzi są poprawne;PRAWDA;PRAWDA;FAŁSZ;FAŁSZ;PRAWDA;PRAWDA;PRAWDA;Nie wiem;PRAWDA;PRAWDA;Tak
2024/05/24 10:31:21 AM UTC+3;15-16 lat;Kobieta;Polska;Miasto powyżej 500 000 mieszkańców;Z rozszerzoną biologią;Nie;Tak;Nie;Dobra;Tak;Internet;Nie;Średnia;FAŁSZ;FAŁSZ;PRAWDA;PRAWDA;FAŁSZ;PRAWDA;FAŁSZ;PRAWDA;FAŁSZ;FAŁSZ;Wszystkie odpowiedzi są prawidłowe;Wszystkie odpowiedzi są prawidłowe;Może uprawiać większość dyscyplin sportowych za wyjątkiem nurkowania i wspinaczki;Przewlekła choroba neurologiczna;8% ludzi ma w swoim życiu minimum jeden napad padaczkowy;FAŁSZ;FAŁSZ;PRAWDA;PRAWDA;FAŁSZ;FAŁSZ;FAŁSZ;FAŁSZ;FAŁSZ;FAŁSZ;Wszystkie odpowiedzi są prawidłowe;Migające światło;Może uprawiać większość dyscyplin sportowych za wyjątkiem nurkowania i wspinaczki;Przewlekła choroba neurologiczna;8% ludzi ma w swoim życiu minimum jeden napad padaczkowy;Tak;Immunologicznego;Przyczyny stwardnienia rozsianego nie są do końca znane;Wszystkie powyższe odpowiedzi są poprawne;Wszystkie powyższe odpowiedzi są poprawne;PRAWDA;PRAWDA;PRAWDA;PRAWDA;PRAWDA;Nie wiem;PRAWDA;PRAWDA;PRAWDA;PRAWDA;Immunologicznego;Przyczyny stwardnienia rozsianego nie są do końca znane;Wszystkie powyższe odpowiedzi są poprawne;Wszystkie powyższe odpowiedzi są poprawne;PRAWDA;PRAWDA;PRAWDA;PRAWDA;PRAWDA;FAŁSZ;PRAWDA;PRAWDA;PRAWDA;PRAWDA;Tak
2024/05/24 10:31:44 AM UTC+3;16-17 lat;Kobieta;Polska;Miasto do 50 000 mieszkańców;Z rozszerzoną biologią;Nie;Tak;Nie;Średnia;Tak;"Rodzina;Internet";Nie;Średnia;FAŁSZ;FAŁSZ;PRAWDA;PRAWDA;Nie wiem;PRAWDA;PRAWDA;PRAWDA;Nie wiem;Nie wiem;Wszystkie odpowiedzi są prawidłowe;Wszystkie odpowiedzi są prawidłowe;Posiada bezwzględny zakaz prowadzenia samochodu;Przewlekła choroba neurologiczna;Padaczka jest chorobą uleczalną;FAŁSZ;FAŁSZ;PRAWDA;PRAWDA;FAŁSZ;FAŁSZ;FAŁSZ;PRAWDA;FAŁSZ;FAŁSZ;Wszystkie odpowiedzi są prawidłowe;Wszystkie odpowiedzi są prawidłowe;Może uprawiać większość dyscyplin sportowych za wyjątkiem nurkowania i wspinaczki;Przewlekła choroba neurologiczna;8% ludzi ma w swoim życiu minimum jeden napad padaczkowy;Tak;Nie wiem;Przyczyn genetycznych i jest chorobą dziedziczną;Wszystkie powyższe odpowiedzi są poprawne;Nie wiem;Nie wiem;Nie wiem;Nie wiem;Nie wiem;Nie wiem;Nie wiem;Nie wiem;Nie wiem;Nie wiem;Nie wiem;Immunologicznego;Przyczyn genetycznych i jest chorobą dziedziczną;Wszystkie powyższe odpowiedzi są poprawne;Wszystkie powyższe odpowiedzi są poprawne;PRAWDA;PRAWDA;PRAWDA;PRAWDA;PRAWDA;Nie wiem;PRAWDA;FAŁSZ;PRAWDA;PRAWDA;Tak
2024/05/24 10:31:45 AM UTC+3;15-16 lat;Kobieta;Polska;Miasto powyżej 500 000 mieszkańców;Z rozszerzoną biologią;Nie;Tak;Nie;Średnia;Tak;Rodzina;Nie;Średnia;Nie wiem;FAŁSZ;PRAWDA;PRAWDA;Nie wiem;PRAWDA;PRAWDA;PRAWDA;FAŁSZ;Nie wiem;Wszystkie odpowiedzi są prawidłowe;Wszystkie odpowiedzi są prawidłowe;Posiada bezwzględny zakaz prowadzenia samochodu;Przewlekła choroba neurologiczna;Padaczka jest chorobą uleczalną;FAŁSZ;FAŁSZ;PRAWDA;PRAWDA;FAŁSZ;FAŁSZ;FAŁSZ;FAŁSZ;FAŁSZ;PRAWDA;Wszystkie odpowiedzi są prawidłowe;Wszystkie odpowiedzi są prawidłowe;Może uprawiać większość dyscyplin sportowych za wyjątkiem nurkowania i wspinaczki;Zaburzenie zdrowia psychicznego;Osoby chorujące na padaczkę muszą przyjmować leki do końca swojego życia;Tak;Immunologicznego;Przyczyny stwardnienia rozsianego nie są do końca znane;Wszystkie powyższe odpowiedzi są poprawne;Niepełnosprawność;Nie wiem;PRAWDA;Nie wiem;Nie wiem;Nie wiem;Nie wiem;FAŁSZ;FAŁSZ;PRAWDA;PRAWDA;Immunologicznego;Przyczyn genetycznych i jest chorobą dziedziczną;Wszystkie powyższe odpowiedzi są poprawne;Wszystkie powyższe odpowiedzi są poprawne;PRAWDA;PRAWDA;PRAWDA;PRAWDA;PRAWDA;Nie wiem;PRAWDA;FAŁSZ;PRAWDA;PRAWDA;Tak
2024/05/24 10:33:12 AM UTC+3;16-17 lat;Kobieta;Polska;Miasto powyżej 500 000 mieszkańców;Z rozszerzoną biologią;Tak;Nie;Tak;Średnia;Tak;Rodzina;Tak;Dobra;FAŁSZ;FAŁSZ;PRAWDA;PRAWDA;FAŁSZ;PRAWDA;PRAWDA;PRAWDA;Nie wiem;Nie wiem;Drgawki i krótkotrwała utrata świadomości;Alkohol;Może uprawiać większość dyscyplin sportowych za wyjątkiem nurkowania i wspinaczki;Przewlekła choroba neurologiczna;Osoby chorujące na padaczkę muszą przyjmować leki do końca swojego życia;FAŁSZ;FAŁSZ;PRAWDA;PRAWDA;FAŁSZ;FAŁSZ;FAŁSZ;PRAWDA;FAŁSZ;FAŁSZ;Wszystkie odpowiedzi są prawidłowe;Wszystkie odpowiedzi są prawidłowe;Może uprawiać większość dyscyplin sportowych za wyjątkiem nurkowania i wspinaczki;Przewlekła choroba neurologiczna;Osoby chorujące na padaczkę muszą przyjmować leki do końca swojego życia;Tak;Immunologicznego;Nie wiem;Nie wiem;Wszystkie powyższe odpowiedzi są poprawne;PRAWDA;Nie wiem;Nie wiem;Nie wiem;Nie wiem;Nie wiem;PRAWDA;Nie wiem;PRAWDA;PRAWDA;Immunologicznego;Przyczyny stwardnienia rozsianego nie są do końca znane;Wszystkie powyższe odpowiedzi są poprawne;Wszystkie powyższe odpowiedzi są poprawne;PRAWDA;PRAWDA;Nie wiem;PRAWDA;FAŁSZ;Nie wiem;PRAWDA;FAŁSZ;PRAWDA;PRAWDA;Tak
2024/05/24 10:36:52 AM UTC+3;16-17 lat;Kobieta;Polska;Miasto powyżej 500 000 mieszkańców;Z rozszerzoną biologią;Nie;Tak;Tak;Słaba;Nie;;Nie;Nic nie wiem o tej chorobie;FAŁSZ;PRAWDA;FAŁSZ;FAŁSZ;Nie wiem;FAŁSZ;PRAWDA;PRAWDA;FAŁSZ;FAŁSZ;Wszystkie odpowiedzi są prawidłowe;Wszystkie odpowiedzi są prawidłowe;Może uprawiać większość dyscyplin sportowych za wyjątkiem nurkowania i wspinaczki;Przewlekła choroba neurologiczna;Osoby chorujące na padaczkę muszą przyjmować leki do końca swojego życia;FAŁSZ;FAŁSZ;PRAWDA;PRAWDA;FAŁSZ;FAŁSZ;FAŁSZ;PRAWDA;PRAWDA;FAŁSZ;Wszystkie odpowiedzi są prawidłowe;Wszystkie odpowiedzi są prawidłowe;Może uprawiać większość dyscyplin sportowych za wyjątkiem nurkowania i wspinaczki;Przewlekła choroba neurologiczna;Osoby chorujące na padaczkę muszą przyjmować leki do końca swojego życia;Tak;Nie wiem;Nie wiem;Nie wiem;Nie wiem;Nie wiem;Nie wiem;Nie wiem;Nie wiem;Nie wiem;Nie wiem;Nie wiem;Nie wiem;Nie wiem;Nie wiem;Immunologicznego;Przyczyny stwardnienia rozsianego nie są do końca znane;Wszystkie powyższe odpowiedzi są poprawne;Niepełnosprawność;PRAWDA;PRAWDA;FAŁSZ;FAŁSZ;PRAWDA;FAŁSZ;PRAWDA;FAŁSZ;PRAWDA;PRAWDA;Tak
2024/05/24 12:16:19 PM UTC+3;15-16 lat;Mężczyzna;Polska;Miasto do 50 000 mieszkańców;Z rozszerzoną biologią;Tak;Tak;Nie;Słaba;Tak;"Szkoła;Internet";Nie;Nic nie wiem o tej chorobie;PRAWDA;FAŁSZ;PRAWDA;PRAWDA;FAŁSZ;PRAWDA;FAŁSZ;PRAWDA;FAŁSZ;PRAWDA;Wszystkie odpowiedzi są prawidłowe;Migające światło;Posiada bezwzględny zakaz prowadzenia samochodu;Przewlekła choroba neurologiczna;Padaczka jest chorobą uleczalną;FAŁSZ;FAŁSZ;PRAWDA;PRAWDA;FAŁSZ;FAŁSZ;FAŁSZ;PRAWDA;FAŁSZ;FAŁSZ;Wszystkie odpowiedzi są prawidłowe;Wszystkie odpowiedzi są prawidłowe;Może uprawiać większość dyscyplin sportowych za wyjątkiem nurkowania i wspinaczki;Przewlekła choroba neurologiczna;Padaczka jest chorobą uleczalną;Tak;Immunologicznego;Nie wiem;Nie wiem;Nie wiem;PRAWDA;PRAWDA;PRAWDA;FAŁSZ;FAŁSZ;PRAWDA;PRAWDA;PRAWDA;PRAWDA;PRAWDA;Immunologicznego;Zanieczyszczeń środowiska;Wszystkie powyższe odpowiedzi są poprawne;Wszystkie powyższe odpowiedzi są poprawne;PRAWDA;PRAWDA;FAŁSZ;PRAWDA;PRAWDA;PRAWDA;PRAWDA;PRAWDA;PRAWDA;PRAWDA;Tak