Horodateur;wiek;plec;narodowosc;D4;D5;D6;D7;D8;D9;QA1;QA2;QA3;QA4;QA5;QA6;QA7;QA8;QA9;QA10;QA11;QA12;QA13;QA14;QB1;QB2;QB3;QB4;QB5;QB6;QB7;QB8;QB9;QB10;QB11;QB12;QB13;QB14;15. Czy uważasz, że w toku nauczania szkolnego powinny być ujęte tego typu lekcje na temat stwardnienia rozsianego, padaczki i innych częstych schorzeń zdrowotnych?
2024/01/15 1:09:23 PM UTC+2;14-15 lat;Mężczyzna;Polska;Miasto powyżej 500 000 mieszkańców;Inny;Tak;Rodzina;Tak;Słaba;Szkieletowego;Nie wiem;Wszystkie powyższe odpowiedzi są poprawne;Niepełnosprawność;Nie wiem;Nie wiem;Nie wiem;Nie wiem;Nie wiem;PRAWDA;Nie wiem;Nie wiem;PRAWDA;Nie wiem;Immunologicznego;Przyczyny stwardnienia rozsianego nie są do końca znane;Wszystkie powyższe odpowiedzi są poprawne;Wszystkie powyższe odpowiedzi są poprawne;PRAWDA;PRAWDA;PRAWDA;PRAWDA;PRAWDA;PRAWDA;PRAWDA;FAŁSZ;PRAWDA;PRAWDA;Tak
2024/01/15 1:13:01 PM UTC+2;16-17 lat;Mężczyzna;Polska;Miasto powyżej 500 000 mieszkańców;Inny;Tak;Szkoła;Nie;Nic nie wiem o tej chorobie;Szkieletowego;Nie wiem;Drętwienie lub osłabienie jednej lub więcej kończyn, zwykle występujące po jednej stronie ciała naraz;Niepełnosprawność;Nie wiem;Nie wiem;Nie wiem;Nie wiem;PRAWDA;PRAWDA;PRAWDA;PRAWDA;FAŁSZ;PRAWDA;Immunologicznego;Przyczyny stwardnienia rozsianego nie są do końca znane;Wszystkie powyższe odpowiedzi są poprawne;Niepełnosprawność;PRAWDA;FAŁSZ;Nie wiem;PRAWDA;PRAWDA;PRAWDA;PRAWDA;FAŁSZ;PRAWDA;PRAWDA;Tak
2024/01/15 1:13:13 PM UTC+2;17-18 lat;Mężczyzna;Polska;Miasto do 50 000 mieszkańców;Inny;Tak;Internet;Nie;Słaba;Nie wiem;Nie wiem;Nie wiem;Nie wiem;Nie wiem;Nie wiem;Nie wiem;Nie wiem;Nie wiem;Nie wiem;Nie wiem;Nie wiem;Nie wiem;Nie wiem;Immunologicznego;Przyczyny stwardnienia rozsianego nie są do końca znane;Zaburzenia równowagi;Zaburzenia psychiczne (depresja, niepokój, wahania nastroju);PRAWDA;PRAWDA;FAŁSZ;PRAWDA;PRAWDA;PRAWDA;PRAWDA;FAŁSZ;PRAWDA;PRAWDA;Tak
2024/01/15 1:13:55 PM UTC+2;17-18 lat;Mężczyzna;Polska;Miasto powyżej 500 000 mieszkańców;Inny;Tak;"Rodzina;Internet";Tak;Dobra;Szkieletowego;Przyczyny stwardnienia rozsianego nie są do końca znane;Wszystkie powyższe odpowiedzi są poprawne;Wszystkie powyższe odpowiedzi są poprawne;Nie wiem;PRAWDA;PRAWDA;PRAWDA;Nie wiem;PRAWDA;PRAWDA;Nie wiem;PRAWDA;PRAWDA;Immunologicznego;Przyczyny stwardnienia rozsianego nie są do końca znane;Wszystkie powyższe odpowiedzi są poprawne;Wszystkie powyższe odpowiedzi są poprawne;PRAWDA;PRAWDA;PRAWDA;PRAWDA;PRAWDA;PRAWDA;PRAWDA;PRAWDA;PRAWDA;PRAWDA;Tak
2024/01/15 1:14:11 PM UTC+2;16-17 lat;Mężczyzna;Polska;Miasto powyżej 500 000 mieszkańców;Inny;Tak;"Rodzina;Internet";Tak;Słaba;Immunologicznego;Przyczyny stwardnienia rozsianego nie są do końca znane;Wszystkie powyższe odpowiedzi są poprawne;Wszystkie powyższe odpowiedzi są poprawne;PRAWDA;PRAWDA;PRAWDA;PRAWDA;PRAWDA;PRAWDA;PRAWDA;FAŁSZ;PRAWDA;PRAWDA;Immunologicznego;Przyczyny stwardnienia rozsianego nie są do końca znane;Wszystkie powyższe odpowiedzi są poprawne;Wszystkie powyższe odpowiedzi są poprawne;PRAWDA;PRAWDA;PRAWDA;PRAWDA;PRAWDA;PRAWDA;PRAWDA;PRAWDA;PRAWDA;PRAWDA;Tak
2024/01/15 1:14:12 PM UTC+2;17-18 lat;Mężczyzna;Polska;Miasto powyżej 500 000 mieszkańców;Inny;Tak;Internet;Nie;Średnia;Immunologicznego;Przyczyny stwardnienia rozsianego nie są do końca znane;Wszystkie powyższe odpowiedzi są poprawne;Wszystkie powyższe odpowiedzi są poprawne;PRAWDA;PRAWDA;Nie wiem;PRAWDA;Nie wiem;Nie wiem;PRAWDA;Nie wiem;PRAWDA;PRAWDA;Immunologicznego;Przyczyny stwardnienia rozsianego nie są do końca znane;Wszystkie powyższe odpowiedzi są poprawne;Wszystkie powyższe odpowiedzi są poprawne;PRAWDA;PRAWDA;PRAWDA;PRAWDA;PRAWDA;PRAWDA;PRAWDA;PRAWDA;PRAWDA;PRAWDA;Tak
2024/01/15 1:14:19 PM UTC+2;16-17 lat;Kobieta;Polska;Miasto powyżej 500 000 mieszkańców;Inny;Tak;Internet;Nie;Dobra;Immunologicznego;Przyczyny stwardnienia rozsianego nie są do końca znane;Wszystkie powyższe odpowiedzi są poprawne;Wszystkie powyższe odpowiedzi są poprawne;PRAWDA;FAŁSZ;Nie wiem;FAŁSZ;PRAWDA;PRAWDA;Nie wiem;PRAWDA;PRAWDA;PRAWDA;Immunologicznego;Przyczyny stwardnienia rozsianego nie są do końca znane;Wszystkie powyższe odpowiedzi są poprawne;Wszystkie powyższe odpowiedzi są poprawne;PRAWDA;PRAWDA;Nie wiem;FAŁSZ;PRAWDA;PRAWDA;PRAWDA;PRAWDA;PRAWDA;PRAWDA;Tak
2024/01/15 1:14:26 PM UTC+2;17-18 lat;Inna;Polska;Miasto powyżej 500 000 mieszkańców;Inny;Tak;Internet;Nie;Średnia;Szkieletowego;Przyczyn genetycznych i jest chorobą dziedziczną;Wszystkie powyższe odpowiedzi są poprawne;Wszystkie powyższe odpowiedzi są poprawne;Nie wiem;Nie wiem;Nie wiem;FAŁSZ;Nie wiem;FAŁSZ;Nie wiem;Nie wiem;PRAWDA;PRAWDA;Immunologicznego;Przyczyny stwardnienia rozsianego nie są do końca znane;Wszystkie powyższe odpowiedzi są poprawne;Wszystkie powyższe odpowiedzi są poprawne;PRAWDA;PRAWDA;PRAWDA;PRAWDA;PRAWDA;PRAWDA;PRAWDA;FAŁSZ;PRAWDA;PRAWDA;Tak
2024/01/15 1:14:28 PM UTC+2;17-18 lat;Kobieta;Polska;Miasto powyżej 500 000 mieszkańców;Inny;Tak;Internet;Nie;Słaba;Nie wiem;Przyczyny stwardnienia rozsianego nie są do końca znane;Wszystkie powyższe odpowiedzi są poprawne;Niepełnosprawność;Nie wiem;Nie wiem;Nie wiem;Nie wiem;Nie wiem;Nie wiem;Nie wiem;Nie wiem;PRAWDA;PRAWDA;Immunologicznego;Przyczyny stwardnienia rozsianego nie są do końca znane;Wszystkie powyższe odpowiedzi są poprawne;Wszystkie powyższe odpowiedzi są poprawne;PRAWDA;PRAWDA;PRAWDA;PRAWDA;PRAWDA;PRAWDA;PRAWDA;FAŁSZ;PRAWDA;PRAWDA;Tak
2024/01/15 1:14:29 PM UTC+2;17-18 lat;Kobieta;Polska;Miasto do 50 000 mieszkańców;Inny;Tak;"Znajomi;Internet";Nie;Słaba;Immunologicznego;Przyczyny stwardnienia rozsianego nie są do końca znane;Wszystkie powyższe odpowiedzi są poprawne;Wszystkie powyższe odpowiedzi są poprawne;PRAWDA;PRAWDA;FAŁSZ;FAŁSZ;PRAWDA;PRAWDA;PRAWDA;Nie wiem;PRAWDA;PRAWDA;Immunologicznego;Przyczyny stwardnienia rozsianego nie są do końca znane;Wszystkie powyższe odpowiedzi są poprawne;Wszystkie powyższe odpowiedzi są poprawne;PRAWDA;PRAWDA;Nie wiem;Nie wiem;PRAWDA;PRAWDA;PRAWDA;PRAWDA;PRAWDA;PRAWDA;Tak
2024/01/15 1:14:33 PM UTC+2;16-17 lat;Mężczyzna;Polska;Miasto powyżej 500 000 mieszkańców;Inny;Tak;Internet;Nie;Słaba;Immunologicznego;Przyczyn genetycznych i jest chorobą dziedziczną;Wszystkie powyższe odpowiedzi są poprawne;Niepełnosprawność;Nie wiem;Nie wiem;Nie wiem;Nie wiem;Nie wiem;Nie wiem;Nie wiem;Nie wiem;Nie wiem;Nie wiem;Immunologicznego;Przyczyny stwardnienia rozsianego nie są do końca znane;Wszystkie powyższe odpowiedzi są poprawne;Wszystkie powyższe odpowiedzi są poprawne;PRAWDA;PRAWDA;PRAWDA;PRAWDA;PRAWDA;PRAWDA;PRAWDA;FAŁSZ;PRAWDA;PRAWDA;Tak
2024/01/15 1:14:33 PM UTC+2;16-17 lat;Kobieta;Polska;Miasto powyżej 500 000 mieszkańców;Inny;Tak;"Rodzina;Internet";Nie;Słaba;Immunologicznego;Nie wiem;Nie wiem;Wszystkie powyższe odpowiedzi są poprawne;Nie wiem;Nie wiem;Nie wiem;Nie wiem;Nie wiem;PRAWDA;Nie wiem;Nie wiem;Nie wiem;Nie wiem;Immunologicznego;Przyczyny stwardnienia rozsianego nie są do końca znane;Wszystkie powyższe odpowiedzi są poprawne;Wszystkie powyższe odpowiedzi są poprawne;PRAWDA;PRAWDA;PRAWDA;PRAWDA;PRAWDA;PRAWDA;PRAWDA;FAŁSZ;PRAWDA;PRAWDA;Tak
2024/01/15 1:14:34 PM UTC+2;15-16 lat;Mężczyzna;Polska;Miasto powyżej 500 000 mieszkańców;Inny;Tak;Internet;Nie;Średnia;Immunologicznego;Przyczyny stwardnienia rozsianego nie są do końca znane;Wszystkie powyższe odpowiedzi są poprawne;Wszystkie powyższe odpowiedzi są poprawne;PRAWDA;PRAWDA;PRAWDA;PRAWDA;PRAWDA;PRAWDA;PRAWDA;Nie wiem;PRAWDA;PRAWDA;Immunologicznego;Przyczyny stwardnienia rozsianego nie są do końca znane;Wszystkie powyższe odpowiedzi są poprawne;Wszystkie powyższe odpowiedzi są poprawne;PRAWDA;PRAWDA;PRAWDA;PRAWDA;PRAWDA;PRAWDA;PRAWDA;FAŁSZ;PRAWDA;PRAWDA;Aids
2024/01/15 1:14:41 PM UTC+2;14-15 lat;Kobieta;Polska;Miasto powyżej 500 000 mieszkańców;Inny;Nie;;Nie;Nic nie wiem o tej chorobie;Immunologicznego;Przyczyny stwardnienia rozsianego nie są do końca znane;Wszystkie powyższe odpowiedzi są poprawne;Wszystkie powyższe odpowiedzi są poprawne;PRAWDA;FAŁSZ;PRAWDA;PRAWDA;Nie wiem;PRAWDA;PRAWDA;PRAWDA;PRAWDA;PRAWDA;Immunologicznego;Przyczyny stwardnienia rozsianego nie są do końca znane;Wszystkie powyższe odpowiedzi są poprawne;Wszystkie powyższe odpowiedzi są poprawne;PRAWDA;PRAWDA;PRAWDA;PRAWDA;PRAWDA;PRAWDA;PRAWDA;FAŁSZ;PRAWDA;PRAWDA;Tak
2024/01/15 1:14:43 PM UTC+2;15-16 lat;Mężczyzna;Polska;Miasto od 100 000 do 500 000 mieszkańców;Inny;Tak;Internet;Nie;Średnia;Immunologicznego;Przyczyny stwardnienia rozsianego nie są do końca znane;Wszystkie powyższe odpowiedzi są poprawne;Wszystkie powyższe odpowiedzi są poprawne;PRAWDA;FAŁSZ;Nie wiem;FAŁSZ;FAŁSZ;PRAWDA;PRAWDA;Nie wiem;PRAWDA;PRAWDA;Immunologicznego;Przyczyny stwardnienia rozsianego nie są do końca znane;Wszystkie powyższe odpowiedzi są poprawne;Wszystkie powyższe odpowiedzi są poprawne;PRAWDA;PRAWDA;PRAWDA;FAŁSZ;PRAWDA;PRAWDA;PRAWDA;FAŁSZ;PRAWDA;PRAWDA;Tak
2024/01/15 1:14:44 PM UTC+2;16-17 lat;Kobieta;Polska;Miasto powyżej 500 000 mieszkańców;Inny;Tak;Uczę się o medycynie ze względu na własne zainteresowania ;Nie;Dobra;Immunologicznego;Przyczyn genetycznych i jest chorobą dziedziczną;Wszystkie powyższe odpowiedzi są poprawne;Zaburzenia psychiczne (depresja, niepokój, wahania nastroju);PRAWDA;Nie wiem;Nie wiem;PRAWDA;PRAWDA;FAŁSZ;PRAWDA;PRAWDA;PRAWDA;PRAWDA;Immunologicznego;Przyczyny stwardnienia rozsianego nie są do końca znane;Wszystkie powyższe odpowiedzi są poprawne;Wszystkie powyższe odpowiedzi są poprawne;FAŁSZ;PRAWDA;PRAWDA;PRAWDA;PRAWDA;PRAWDA;PRAWDA;FAŁSZ;PRAWDA;PRAWDA;Tak, uważam, że w szkole powinny być lekcje na temat zdrowia fizycznego, jak i psychicznego 
2024/01/15 1:14:45 PM UTC+2;15-16 lat;Kobieta;Polska;Miasto powyżej 500 000 mieszkańców;Inny;Tak;"Rodzina;Internet";Tak;Średnia;Immunologicznego;Przyczyn genetycznych i jest chorobą dziedziczną;Wszystkie powyższe odpowiedzi są poprawne;Wszystkie powyższe odpowiedzi są poprawne;Nie wiem;FAŁSZ;PRAWDA;PRAWDA;PRAWDA;PRAWDA;PRAWDA;PRAWDA;FAŁSZ;PRAWDA;Immunologicznego;Przyczyny stwardnienia rozsianego nie są do końca znane;Wszystkie powyższe odpowiedzi są poprawne;Wszystkie powyższe odpowiedzi są poprawne;PRAWDA;PRAWDA;PRAWDA;PRAWDA;PRAWDA;PRAWDA;PRAWDA;PRAWDA;PRAWDA;PRAWDA;Tak
2024/01/15 1:14:47 PM UTC+2;16-17 lat;Kobieta;Polska;Miasto powyżej 500 000 mieszkańców;Inny;Tak;"Rodzina;Znajomi";Tak;Średnia;Immunologicznego;Przyczyn genetycznych i jest chorobą dziedziczną;Wszystkie powyższe odpowiedzi są poprawne;Wszystkie powyższe odpowiedzi są poprawne;Nie wiem;PRAWDA;PRAWDA;FAŁSZ;PRAWDA;PRAWDA;PRAWDA;PRAWDA;PRAWDA;PRAWDA;Immunologicznego;Przyczyny stwardnienia rozsianego nie są do końca znane;Wszystkie powyższe odpowiedzi są poprawne;Wszystkie powyższe odpowiedzi są poprawne;PRAWDA;PRAWDA;PRAWDA;PRAWDA;PRAWDA;PRAWDA;PRAWDA;FAŁSZ;PRAWDA;PRAWDA;Tak
2024/01/15 1:14:50 PM UTC+2;14-15 lat;Mężczyzna;Polska;Miasto powyżej 500 000 mieszkańców;Inny;Nie;;Nie;Nic nie wiem o tej chorobie;Nie wiem;Nie wiem;Nie wiem;Nie wiem;Nie wiem;PRAWDA;PRAWDA;Nie wiem;Nie wiem;Nie wiem;Nie wiem;Nie wiem;Nie wiem;Nie wiem;Immunologicznego;Przyczyny stwardnienia rozsianego nie są do końca znane;Wszystkie powyższe odpowiedzi są poprawne;Wszystkie powyższe odpowiedzi są poprawne;PRAWDA;PRAWDA;PRAWDA;PRAWDA;PRAWDA;PRAWDA;PRAWDA;PRAWDA;PRAWDA;PRAWDA;Tak
2024/01/15 1:14:51 PM UTC+2;15-16 lat;Mężczyzna;Polska;Miasto powyżej 500 000 mieszkańców;Inny;Tak;Internet;Nie;Słaba;Nie wiem;Nie wiem;Wszystkie powyższe odpowiedzi są poprawne;Nie wiem;PRAWDA;Nie wiem;Nie wiem;FAŁSZ;Nie wiem;Nie wiem;PRAWDA;PRAWDA;PRAWDA;PRAWDA;Immunologicznego;Przyczyny stwardnienia rozsianego nie są do końca znane;Wszystkie powyższe odpowiedzi są poprawne;Wszystkie powyższe odpowiedzi są poprawne;PRAWDA;PRAWDA;PRAWDA;PRAWDA;PRAWDA;PRAWDA;PRAWDA;FAŁSZ;PRAWDA;PRAWDA;Tak
2024/01/15 1:14:55 PM UTC+2;16-17 lat;Kobieta;Polska;Miasto powyżej 500 000 mieszkańców;Inny;Tak;"Rodzina;Szkoła";Tak;Średnia;Szkieletowego;Przyczyny stwardnienia rozsianego nie są do końca znane;Wszystkie powyższe odpowiedzi są poprawne;Wszystkie powyższe odpowiedzi są poprawne;PRAWDA;FAŁSZ;PRAWDA;Nie wiem;Nie wiem;Nie wiem;PRAWDA;Nie wiem;PRAWDA;PRAWDA;Immunologicznego;Przyczyny stwardnienia rozsianego nie są do końca znane;Wszystkie powyższe odpowiedzi są poprawne;Wszystkie powyższe odpowiedzi są poprawne;PRAWDA;PRAWDA;PRAWDA;PRAWDA;PRAWDA;PRAWDA;FAŁSZ;FAŁSZ;PRAWDA;PRAWDA;Tak
2024/01/15 1:14:55 PM UTC+2;16-17 lat;Kobieta;Polska;Miasto od 100 000 do 500 000 mieszkańców;Inny;Tak;"Szkoła;Internet";Nie;Słaba;Nie wiem;Nie wiem;Wszystkie powyższe odpowiedzi są poprawne;Wszystkie powyższe odpowiedzi są poprawne;PRAWDA;Nie wiem;Nie wiem;Nie wiem;Nie wiem;Nie wiem;Nie wiem;Nie wiem;PRAWDA;PRAWDA;Immunologicznego;Przyczyny stwardnienia rozsianego nie są do końca znane;Wszystkie powyższe odpowiedzi są poprawne;Wszystkie powyższe odpowiedzi są poprawne;PRAWDA;PRAWDA;PRAWDA;PRAWDA;PRAWDA;PRAWDA;PRAWDA;FAŁSZ;PRAWDA;PRAWDA;Tak
2024/01/15 1:15:02 PM UTC+2;15-16 lat;Kobieta;Polska;Miasto powyżej 500 000 mieszkańców;Inny;Tak;"Rodzina;Internet;Inne (jakie)";Nie;Średnia;Immunologicznego;Przyczyny stwardnienia rozsianego nie są do końca znane;Drętwienie lub osłabienie jednej lub więcej kończyn, zwykle występujące po jednej stronie ciała naraz;Wszystkie powyższe odpowiedzi są poprawne;Nie wiem;Nie wiem;Nie wiem;FAŁSZ;FAŁSZ;Nie wiem;FAŁSZ;FAŁSZ;PRAWDA;FAŁSZ;Immunologicznego;Przyczyny stwardnienia rozsianego nie są do końca znane;Wszystkie powyższe odpowiedzi są poprawne;Wszystkie powyższe odpowiedzi są poprawne;PRAWDA;PRAWDA;PRAWDA;PRAWDA;PRAWDA;PRAWDA;PRAWDA;FAŁSZ;PRAWDA;PRAWDA;Tak
2024/01/15 1:15:04 PM UTC+2;16-17 lat;Kobieta;Polska;Miasto powyżej 500 000 mieszkańców;Inny;Tak;"Rodzina;Znajomi;Szkoła;Internet;Inne (jakie)";Tak;Słaba;Szkieletowego;Przyczyny stwardnienia rozsianego nie są do końca znane;Wszystkie powyższe odpowiedzi są poprawne;Wszystkie powyższe odpowiedzi są poprawne;PRAWDA;FAŁSZ;Nie wiem;Nie wiem;FAŁSZ;PRAWDA;FAŁSZ;PRAWDA;PRAWDA;PRAWDA;Immunologicznego;Przyczyny stwardnienia rozsianego nie są do końca znane;Wszystkie powyższe odpowiedzi są poprawne;Wszystkie powyższe odpowiedzi są poprawne;PRAWDA;PRAWDA;PRAWDA;PRAWDA;PRAWDA;PRAWDA;PRAWDA;FAŁSZ;PRAWDA;PRAWDA;Tak
2024/01/15 1:15:04 PM UTC+2;16-17 lat;Inna;Polska;Miasto powyżej 500 000 mieszkańców;Inny;Nie;;Nie;Słaba;Nie wiem;Nie wiem;Nie wiem;Nie wiem;Nie wiem;Nie wiem;Nie wiem;Nie wiem;Nie wiem;Nie wiem;Nie wiem;Nie wiem;Nie wiem;Nie wiem;Immunologicznego;Przyczyny stwardnienia rozsianego nie są do końca znane;Wszystkie powyższe odpowiedzi są poprawne;Wszystkie powyższe odpowiedzi są poprawne;PRAWDA;PRAWDA;PRAWDA;PRAWDA;PRAWDA;PRAWDA;PRAWDA;FAŁSZ;PRAWDA;PRAWDA;Tak
2024/01/15 1:15:07 PM UTC+2;16-17 lat;Mężczyzna;Polska;Miasto powyżej 500 000 mieszkańców;Inny;Tak;Internet;Nie;Nic nie wiem o tej chorobie;Nie wiem;Nie wiem;Nie wiem;Nie wiem;Nie wiem;Nie wiem;Nie wiem;Nie wiem;Nie wiem;Nie wiem;Nie wiem;Nie wiem;Nie wiem;PRAWDA;Immunologicznego;Przyczyny stwardnienia rozsianego nie są do końca znane;Wszystkie powyższe odpowiedzi są poprawne;Wszystkie powyższe odpowiedzi są poprawne;PRAWDA;PRAWDA;PRAWDA;PRAWDA;PRAWDA;PRAWDA;PRAWDA;FAŁSZ;PRAWDA;PRAWDA;Tak
2024/01/15 1:15:07 PM UTC+2;15-16 lat;Mężczyzna;Polska;Miasto do 50 000 mieszkańców;Inny;Tak;Internet;Nie;Nic nie wiem o tej chorobie;Immunologicznego;Nie wiem;Nie wiem;Nie wiem;Nie wiem;FAŁSZ;PRAWDA;Nie wiem;Nie wiem;Nie wiem;Nie wiem;Nie wiem;Nie wiem;Nie wiem;Immunologicznego;Przyczyny stwardnienia rozsianego nie są do końca znane;Wszystkie powyższe odpowiedzi są poprawne;Wszystkie powyższe odpowiedzi są poprawne;PRAWDA;PRAWDA;PRAWDA;PRAWDA;PRAWDA;PRAWDA;PRAWDA;PRAWDA;PRAWDA;PRAWDA;Tak
2024/01/15 1:15:11 PM UTC+2;16-17 lat;Kobieta;Polska;Miasto powyżej 500 000 mieszkańców;Inny;Tak;Internet;Nie;Słaba;Immunologicznego;Przyczyny stwardnienia rozsianego nie są do końca znane;Wszystkie powyższe odpowiedzi są poprawne;Wszystkie powyższe odpowiedzi są poprawne;PRAWDA;FAŁSZ;Nie wiem;PRAWDA;FAŁSZ;Nie wiem;PRAWDA;FAŁSZ;PRAWDA;PRAWDA;Immunologicznego;Przyczyny stwardnienia rozsianego nie są do końca znane;Wszystkie powyższe odpowiedzi są poprawne;Wszystkie powyższe odpowiedzi są poprawne;FAŁSZ;PRAWDA;PRAWDA;PRAWDA;PRAWDA;PRAWDA;PRAWDA;FAŁSZ;PRAWDA;PRAWDA;Tak
2024/01/15 1:15:11 PM UTC+2;16-17 lat;Kobieta;Polska;Miasto powyżej 500 000 mieszkańców;Inny;Tak;Rodzina;Nie;Nic nie wiem o tej chorobie;Immunologicznego;Przyczyn genetycznych i jest chorobą dziedziczną;Drętwienie lub osłabienie jednej lub więcej kończyn, zwykle występujące po jednej stronie ciała naraz;Zaburzenia funkcji poznawczych (kłopoty z pamięcią i znajdowaniem odpowiednich słów);PRAWDA;Nie wiem;PRAWDA;PRAWDA;PRAWDA;PRAWDA;PRAWDA;PRAWDA;Nie wiem;Nie wiem;Immunologicznego;Przyczyny stwardnienia rozsianego nie są do końca znane;Wszystkie powyższe odpowiedzi są poprawne;Wszystkie powyższe odpowiedzi są poprawne;PRAWDA;PRAWDA;PRAWDA;PRAWDA;PRAWDA;PRAWDA;PRAWDA;Nie wiem;PRAWDA;PRAWDA;Tak
2024/01/15 1:15:16 PM UTC+2;15-16 lat;Mężczyzna;Polska;Miasto powyżej 500 000 mieszkańców;Inny;Tak;Inne (jakie);Nie;Nic nie wiem o tej chorobie;Nie wiem;Nie wiem;Nie wiem;Niepełnosprawność;Nie wiem;Nie wiem;Nie wiem;Nie wiem;Nie wiem;Nie wiem;Nie wiem;Nie wiem;Nie wiem;PRAWDA;Immunologicznego;Przyczyny stwardnienia rozsianego nie są do końca znane;Wszystkie powyższe odpowiedzi są poprawne;Wszystkie powyższe odpowiedzi są poprawne;PRAWDA;PRAWDA;PRAWDA;PRAWDA;PRAWDA;PRAWDA;FAŁSZ;FAŁSZ;PRAWDA;PRAWDA;Tak
2024/01/15 1:15:17 PM UTC+2;15-16 lat;Kobieta;Polska;Miasto od 100 000 do 500 000 mieszkańców;Inny;Nie;;Nie;Nic nie wiem o tej chorobie;Immunologicznego;Nie wiem;Nie wiem;Nie wiem;Nie wiem;Nie wiem;Nie wiem;Nie wiem;Nie wiem;Nie wiem;Nie wiem;Nie wiem;Nie wiem;Nie wiem;Immunologicznego;Przyczyny stwardnienia rozsianego nie są do końca znane;Wszystkie powyższe odpowiedzi są poprawne;Wszystkie powyższe odpowiedzi są poprawne;FAŁSZ;PRAWDA;PRAWDA;PRAWDA;PRAWDA;PRAWDA;PRAWDA;FAŁSZ;PRAWDA;PRAWDA;Tak
2024/01/15 1:15:19 PM UTC+2;16-17 lat;Kobieta;Polska;Miasto powyżej 500 000 mieszkańców;Z rozszerzoną biologią;Nie;Inne (jakie);Nie;Nic nie wiem o tej chorobie;Immunologicznego;Przyczyny stwardnienia rozsianego nie są do końca znane;Nie wiem;Zaburzenia funkcji poznawczych (kłopoty z pamięcią i znajdowaniem odpowiednich słów);Nie wiem;Nie wiem;FAŁSZ;Nie wiem;Nie wiem;Nie wiem;PRAWDA;PRAWDA;PRAWDA;Nie wiem;Immunologicznego;Przyczyny stwardnienia rozsianego nie są do końca znane;Wszystkie powyższe odpowiedzi są poprawne;Wszystkie powyższe odpowiedzi są poprawne;PRAWDA;PRAWDA;PRAWDA;PRAWDA;PRAWDA;PRAWDA;PRAWDA;PRAWDA;PRAWDA;PRAWDA;Tak
2024/01/15 1:15:23 PM UTC+2;17-18 lat;Kobieta;Polska;Miasto do 50 000 mieszkańców;Inny;Nie;;Nie;Nic nie wiem o tej chorobie;Szkieletowego;Nie wiem;Nie wiem;Nie wiem;Nie wiem;Nie wiem;Nie wiem;Nie wiem;Nie wiem;Nie wiem;Nie wiem;Nie wiem;Nie wiem;Nie wiem;Immunologicznego;Przyczyny stwardnienia rozsianego nie są do końca znane;Wszystkie powyższe odpowiedzi są poprawne;Wszystkie powyższe odpowiedzi są poprawne;PRAWDA;PRAWDA;PRAWDA;PRAWDA;PRAWDA;PRAWDA;PRAWDA;FAŁSZ;PRAWDA;PRAWDA;Tak
2024/01/15 1:15:27 PM UTC+2;16-17 lat;Kobieta;Polska;Miasto powyżej 500 000 mieszkańców;Inny;Nie;;Nie;Nic nie wiem o tej chorobie;Nie wiem;Nie wiem;Nie wiem;Nie wiem;Nie wiem;Nie wiem;Nie wiem;Nie wiem;Nie wiem;Nie wiem;Nie wiem;Nie wiem;Nie wiem;Nie wiem;Immunologicznego;Przyczyny stwardnienia rozsianego nie są do końca znane;Wszystkie powyższe odpowiedzi są poprawne;Wszystkie powyższe odpowiedzi są poprawne;PRAWDA;PRAWDA;PRAWDA;PRAWDA;PRAWDA;PRAWDA;PRAWDA;Nie wiem;PRAWDA;PRAWDA;Tak
2024/01/15 1:15:29 PM UTC+2;15-16 lat;Mężczyzna;Polska;Miasto powyżej 500 000 mieszkańców;Inny;Tak;Znajomi;Tak;Słaba;Szkieletowego;Przyczyny stwardnienia rozsianego nie są do końca znane;Drętwienie lub osłabienie jednej lub więcej kończyn, zwykle występujące po jednej stronie ciała naraz;Niepełnosprawność;PRAWDA;FAŁSZ;Nie wiem;Nie wiem;Nie wiem;Nie wiem;FAŁSZ;Nie wiem;PRAWDA;PRAWDA;Immunologicznego;Przyczyny stwardnienia rozsianego nie są do końca znane;Wszystkie powyższe odpowiedzi są poprawne;Wszystkie powyższe odpowiedzi są poprawne;PRAWDA;PRAWDA;PRAWDA;PRAWDA;PRAWDA;PRAWDA;PRAWDA;PRAWDA;PRAWDA;PRAWDA;Tak
2024/01/15 1:15:53 PM UTC+2;15-16 lat;Mężczyzna;Polska;Miasto do 50 000 mieszkańców;Inny;Tak;Rodzina;Nie;Nic nie wiem o tej chorobie;Nie wiem;Nie wiem;Nie wiem;Nie wiem;Nie wiem;Nie wiem;Nie wiem;Nie wiem;Nie wiem;Nie wiem;Nie wiem;Nie wiem;Nie wiem;Nie wiem;Immunologicznego;Przyczyny stwardnienia rozsianego nie są do końca znane;Wszystkie powyższe odpowiedzi są poprawne;Wszystkie powyższe odpowiedzi są poprawne;PRAWDA;PRAWDA;PRAWDA;PRAWDA;PRAWDA;PRAWDA;PRAWDA;PRAWDA;PRAWDA;PRAWDA;Tak
2024/01/15 1:15:53 PM UTC+2;15-16 lat;Kobieta;Polska;Miasto powyżej 500 000 mieszkańców;Inny;Tak;Internet;Nie;Średnia;Immunologicznego;Przyczyny stwardnienia rozsianego nie są do końca znane;Nie wiem;Nie wiem;Nie wiem;Nie wiem;FAŁSZ;Nie wiem;FAŁSZ;FAŁSZ;FAŁSZ;FAŁSZ;FAŁSZ;FAŁSZ;Immunologicznego;Przyczyny stwardnienia rozsianego nie są do końca znane;Wszystkie powyższe odpowiedzi są poprawne;Wszystkie powyższe odpowiedzi są poprawne;PRAWDA;PRAWDA;PRAWDA;PRAWDA;PRAWDA;PRAWDA;PRAWDA;FAŁSZ;PRAWDA;PRAWDA;Tak
2024/01/15 1:15:54 PM UTC+2;16-17 lat;Mężczyzna;Polska;Miasto powyżej 500 000 mieszkańców;Inny;Nie;;Nie;Nic nie wiem o tej chorobie;Nie wiem;Nie wiem;Nie wiem;Nie wiem;Nie wiem;Nie wiem;Nie wiem;Nie wiem;Nie wiem;Nie wiem;Nie wiem;Nie wiem;Nie wiem;Nie wiem;Immunologicznego;Przyczyny stwardnienia rozsianego nie są do końca znane;Wszystkie powyższe odpowiedzi są poprawne;Kłopoty z pęcherzem, jelitami i funkcjami seksualnymi;PRAWDA;PRAWDA;PRAWDA;PRAWDA;PRAWDA;PRAWDA;PRAWDA;FAŁSZ;PRAWDA;PRAWDA;Tak
2024/01/15 1:15:56 PM UTC+2;16-17 lat;Mężczyzna;Polska;Miasto od 100 000 do 500 000 mieszkańców;Inny;Tak;"Internet;Inne (jakie)";Nie;Słaba;Pokarmowego;Nie wiem;Nietrzymanie moczu;Kłopoty z pęcherzem, jelitami i funkcjami seksualnymi;Nie wiem;PRAWDA;Nie wiem;Nie wiem;PRAWDA;PRAWDA;PRAWDA;Nie wiem;Nie wiem;Nie wiem;Immunologicznego;Przyczyny stwardnienia rozsianego nie są do końca znane;Wszystkie powyższe odpowiedzi są poprawne;Wszystkie powyższe odpowiedzi są poprawne;PRAWDA;PRAWDA;PRAWDA;PRAWDA;PRAWDA;PRAWDA;PRAWDA;PRAWDA;PRAWDA;PRAWDA;Tak
2024/01/15 1:15:56 PM UTC+2;15-16 lat;Kobieta;Polska;Miasto powyżej 500 000 mieszkańców;Inny;Nie;Nie słyszałam ;Nie;Nic nie wiem o tej chorobie;Nie wiem;Nie wiem;Nie wiem;Nie wiem;Nie wiem;Nie wiem;Nie wiem;Nie wiem;Nie wiem;Nie wiem;Nie wiem;Nie wiem;Nie wiem;Nie wiem;Immunologicznego;Przyczyny stwardnienia rozsianego nie są do końca znane;Wszystkie powyższe odpowiedzi są poprawne;Wszystkie powyższe odpowiedzi są poprawne;PRAWDA;PRAWDA;PRAWDA;PRAWDA;PRAWDA;PRAWDA;PRAWDA;FAŁSZ;PRAWDA;PRAWDA;Tak
2024/01/15 1:16:00 PM UTC+2;15-16 lat;Kobieta;Inna;Miasto powyżej 500 000 mieszkańców;Inny;Tak;Szkoła;Nie;Nic nie wiem o tej chorobie;Immunologicznego;Przyczyn genetycznych i jest chorobą dziedziczną;Wszystkie powyższe odpowiedzi są poprawne;Kłopoty z pęcherzem, jelitami i funkcjami seksualnymi;PRAWDA;PRAWDA;PRAWDA;PRAWDA;PRAWDA;PRAWDA;PRAWDA;Nie wiem;PRAWDA;PRAWDA;Immunologicznego;Przyczyn genetycznych i jest chorobą dziedziczną;Wszystkie powyższe odpowiedzi są poprawne;Kłopoty z pęcherzem, jelitami i funkcjami seksualnymi;PRAWDA;PRAWDA;Nie wiem;PRAWDA;PRAWDA;PRAWDA;PRAWDA;Nie wiem;PRAWDA;PRAWDA;Tak
2024/01/15 1:16:02 PM UTC+2;14-15 lat;Kobieta;Polska;Miasto od 50 000 do 100 000 mieszkańców;Inny;Nie;;Nie;Nic nie wiem o tej chorobie;Immunologicznego;Przyczyny stwardnienia rozsianego nie są do końca znane;Wszystkie powyższe odpowiedzi są poprawne;Wszystkie powyższe odpowiedzi są poprawne;PRAWDA;PRAWDA;PRAWDA;PRAWDA;PRAWDA;PRAWDA;PRAWDA;PRAWDA;PRAWDA;PRAWDA;Immunologicznego;Przyczyny stwardnienia rozsianego nie są do końca znane;Wszystkie powyższe odpowiedzi są poprawne;Wszystkie powyższe odpowiedzi są poprawne;PRAWDA;PRAWDA;PRAWDA;PRAWDA;PRAWDA;PRAWDA;PRAWDA;PRAWDA;PRAWDA;PRAWDA;Tak
2024/01/15 1:16:02 PM UTC+2;15-16 lat;Kobieta;Polska;Miasto powyżej 500 000 mieszkańców;Inny;Nie;;Nie;Nic nie wiem o tej chorobie;Immunologicznego;Przyczyn genetycznych i jest chorobą dziedziczną;Wszystkie powyższe odpowiedzi są poprawne;Wszystkie powyższe odpowiedzi są poprawne;PRAWDA;PRAWDA;PRAWDA;PRAWDA;PRAWDA;PRAWDA;PRAWDA;PRAWDA;PRAWDA;PRAWDA;Immunologicznego;Przyczyny stwardnienia rozsianego nie są do końca znane;Wszystkie powyższe odpowiedzi są poprawne;Wszystkie powyższe odpowiedzi są poprawne;PRAWDA;PRAWDA;PRAWDA;PRAWDA;PRAWDA;PRAWDA;PRAWDA;PRAWDA;PRAWDA;PRAWDA;Tak
2024/01/15 1:16:18 PM UTC+2;17-18 lat;Kobieta;Polska;Miasto powyżej 500 000 mieszkańców;Inny;Tak;Inne (jakie);Nie;Słaba;Nie wiem;Nie wiem;Nie wiem;Nie wiem;Nie wiem;Nie wiem;Nie wiem;Nie wiem;Nie wiem;Nie wiem;Nie wiem;Nie wiem;Nie wiem;Nie wiem;Immunologicznego;Przyczyny stwardnienia rozsianego nie są do końca znane;Wszystkie powyższe odpowiedzi są poprawne;Wszystkie powyższe odpowiedzi są poprawne;PRAWDA;PRAWDA;PRAWDA;PRAWDA;PRAWDA;PRAWDA;FAŁSZ;FAŁSZ;PRAWDA;PRAWDA;Tak
2024/01/15 1:16:32 PM UTC+2;15-16 lat;Kobieta;Polska;Miasto powyżej 500 000 mieszkańców;Inny;Nie;;Nie;Nic nie wiem o tej chorobie;Nie wiem;Nie wiem;Nie wiem;Nie wiem;Nie wiem;Nie wiem;Nie wiem;Nie wiem;Nie wiem;Nie wiem;Nie wiem;Nie wiem;Nie wiem;Nie wiem;Immunologicznego;Przyczyny stwardnienia rozsianego nie są do końca znane;Wszystkie powyższe odpowiedzi są poprawne;Wszystkie powyższe odpowiedzi są poprawne;PRAWDA;PRAWDA;PRAWDA;PRAWDA;PRAWDA;PRAWDA;PRAWDA;FAŁSZ;PRAWDA;PRAWDA;Tak
2024/01/15 1:16:35 PM UTC+2;17-18 lat;Mężczyzna;Polska;Miasto powyżej 500 000 mieszkańców;Inny;Nie;Inne (jakie);Nie;Nic nie wiem o tej chorobie;Nie wiem;Nie wiem;Nie wiem;Nie wiem;Nie wiem;Nie wiem;Nie wiem;Nie wiem;Nie wiem;Nie wiem;Nie wiem;Nie wiem;Nie wiem;Nie wiem;Immunologicznego;Przyczyn genetycznych i jest chorobą dziedziczną;Ból gałki ocznej, zaburzenia widzenia (osłabienie ostrości wzroku lub widzenie podwójne);Wszystkie powyższe odpowiedzi są poprawne;PRAWDA;PRAWDA;PRAWDA;PRAWDA;PRAWDA;PRAWDA;PRAWDA;PRAWDA;PRAWDA;PRAWDA;Tak
2024/01/15 1:17:12 PM UTC+2;16-17 lat;Mężczyzna;Polska;Miasto do 50 000 mieszkańców;Inny;Nie;Rodzina;Nie;Nic nie wiem o tej chorobie;Nie wiem;Nie wiem;Nie wiem;Nie wiem;Nie wiem;Nie wiem;Nie wiem;Nie wiem;Nie wiem;Nie wiem;Nie wiem;Nie wiem;Nie wiem;Nie wiem;Immunologicznego;Przyczyny stwardnienia rozsianego nie są do końca znane;Wszystkie powyższe odpowiedzi są poprawne;Kłopoty z pęcherzem, jelitami i funkcjami seksualnymi;PRAWDA;PRAWDA;PRAWDA;PRAWDA;PRAWDA;PRAWDA;PRAWDA;FAŁSZ;PRAWDA;PRAWDA;Tak
2024/04/22 1:59:49 PM UTC+2;14-15 lat;Mężczyzna;Polska;Miasto powyżej 500 000 mieszkańców;Z rozszerzoną biologią;Tak;Internet;Tak;Dobra;Krwionośnego;Przyczyn genetycznych i jest chorobą dziedziczną;Nietrzymanie moczu;Kłopoty z pęcherzem, jelitami i funkcjami seksualnymi;PRAWDA;PRAWDA;PRAWDA;PRAWDA;PRAWDA;PRAWDA;PRAWDA;PRAWDA;PRAWDA;PRAWDA;Pokarmowego;Zanieczyszczeń środowiska;Drętwienie lub osłabienie jednej lub więcej kończyn, zwykle występujące po jednej stronie ciała naraz;Zaburzenia funkcji poznawczych (kłopoty z pamięcią i znajdowaniem odpowiednich słów);PRAWDA;PRAWDA;FAŁSZ;PRAWDA;FAŁSZ;PRAWDA;FAŁSZ;PRAWDA;PRAWDA;PRAWDA;Nie
2024/04/22 2:20:21 PM UTC+2;15-16 lat;Kobieta;Polska;Miasto powyżej 500 000 mieszkańców;Z rozszerzoną biologią;Tak;Inne (jakie);Nie;Słaba;Nie wiem;Przyczyn genetycznych i jest chorobą dziedziczną;Wszystkie powyższe odpowiedzi są poprawne;Wszystkie powyższe odpowiedzi są poprawne;PRAWDA;Nie wiem;Nie wiem;Nie wiem;PRAWDA;PRAWDA;PRAWDA;Nie wiem;PRAWDA;PRAWDA;Immunologicznego;Przyczyny stwardnienia rozsianego nie są do końca znane;Wszystkie powyższe odpowiedzi są poprawne;Wszystkie powyższe odpowiedzi są poprawne;FAŁSZ;PRAWDA;PRAWDA;PRAWDA;PRAWDA;PRAWDA;Nie wiem;FAŁSZ;PRAWDA;PRAWDA;Tak
2024/04/22 2:20:37 PM UTC+2;14-15 lat;Kobieta;Polska;Miasto powyżej 500 000 mieszkańców;Z rozszerzoną biologią;Tak;Internet;Nie;Słaba;Szkieletowego;Przyczyny stwardnienia rozsianego nie są do końca znane;Wszystkie powyższe odpowiedzi są poprawne;Wszystkie powyższe odpowiedzi są poprawne;PRAWDA;Nie wiem;Nie wiem;Nie wiem;Nie wiem;Nie wiem;Nie wiem;Nie wiem;PRAWDA;PRAWDA;Immunologicznego;Przyczyny stwardnienia rozsianego nie są do końca znane;Wszystkie powyższe odpowiedzi są poprawne;Wszystkie powyższe odpowiedzi są poprawne;FAŁSZ;PRAWDA;PRAWDA;PRAWDA;PRAWDA;PRAWDA;PRAWDA;FAŁSZ;PRAWDA;PRAWDA;Tak
2024/04/22 2:20:48 PM UTC+2;15-16 lat;Kobieta;Polska;Miasto do 50 000 mieszkańców;Z rozszerzoną biologią;Tak;"Szkoła;Internet";Nie;Słaba;Szkieletowego;Przyczyny stwardnienia rozsianego nie są do końca znane;Wszystkie powyższe odpowiedzi są poprawne;Wszystkie powyższe odpowiedzi są poprawne;PRAWDA;FAŁSZ;PRAWDA;Nie wiem;PRAWDA;PRAWDA;FAŁSZ;Nie wiem;PRAWDA;PRAWDA;Immunologicznego;Przyczyny stwardnienia rozsianego nie są do końca znane;Wszystkie powyższe odpowiedzi są poprawne;Wszystkie powyższe odpowiedzi są poprawne;FAŁSZ;PRAWDA;PRAWDA;PRAWDA;PRAWDA;PRAWDA;PRAWDA;FAŁSZ;PRAWDA;PRAWDA;Tak
2024/04/22 2:20:52 PM UTC+2;14-15 lat;Kobieta;Polska;Miasto powyżej 500 000 mieszkańców;Z rozszerzoną biologią;Tak;Internet;Nie;Słaba;Szkieletowego;Przyczyny stwardnienia rozsianego nie są do końca znane;Wszystkie powyższe odpowiedzi są poprawne;Wszystkie powyższe odpowiedzi są poprawne;PRAWDA;FAŁSZ;PRAWDA;Nie wiem;PRAWDA;PRAWDA;Nie wiem;Nie wiem;PRAWDA;PRAWDA;Immunologicznego;Przyczyny stwardnienia rozsianego nie są do końca znane;Wszystkie powyższe odpowiedzi są poprawne;Wszystkie powyższe odpowiedzi są poprawne;FAŁSZ;PRAWDA;PRAWDA;PRAWDA;PRAWDA;PRAWDA;PRAWDA;FAŁSZ;PRAWDA;PRAWDA;Tak
2024/04/22 2:21:35 PM UTC+2;14-15 lat;Mężczyzna;Polska;Miasto do 50 000 mieszkańców;Z rozszerzoną biologią;Tak;Znajomi;Tak;Bardzo dobra;Krwionośnego;Zarażenia się nim od innej osoby;Drętwienie lub osłabienie jednej lub więcej kończyn, zwykle występujące po jednej stronie ciała naraz;Zaburzenia psychiczne (depresja, niepokój, wahania nastroju);PRAWDA;PRAWDA;PRAWDA;FAŁSZ;PRAWDA;PRAWDA;FAŁSZ;PRAWDA;FAŁSZ;PRAWDA;Krwionośnego;Zarażenia się nim od innej osoby;Ból gałki ocznej, zaburzenia widzenia (osłabienie ostrości wzroku lub widzenie podwójne);Kłopoty z pęcherzem, jelitami i funkcjami seksualnymi;FAŁSZ;FAŁSZ;FAŁSZ;PRAWDA;FAŁSZ;FAŁSZ;FAŁSZ;PRAWDA;FAŁSZ;PRAWDA;Tak
2024/04/22 2:21:38 PM UTC+2;17-18 lat;Kobieta;Polska;Miasto powyżej 500 000 mieszkańców;Z rozszerzoną biologią;Tak;Internet;Nie;Średnia;Immunologicznego;Przyczyn genetycznych i jest chorobą dziedziczną;Wszystkie powyższe odpowiedzi są poprawne;Wszystkie powyższe odpowiedzi są poprawne;PRAWDA;FAŁSZ;PRAWDA;Nie wiem;PRAWDA;PRAWDA;PRAWDA;FAŁSZ;PRAWDA;PRAWDA;Immunologicznego;Przyczyny stwardnienia rozsianego nie są do końca znane;Wszystkie powyższe odpowiedzi są poprawne;Wszystkie powyższe odpowiedzi są poprawne;PRAWDA;PRAWDA;PRAWDA;PRAWDA;PRAWDA;PRAWDA;PRAWDA;FAŁSZ;PRAWDA;PRAWDA;Nie
2024/04/22 2:21:53 PM UTC+2;15-16 lat;Kobieta;Polska;Miasto powyżej 500 000 mieszkańców;Inny;Tak;"Rodzina;Znajomi;Szkoła;Internet";Tak;Słaba;Immunologicznego;Przyczyn genetycznych i jest chorobą dziedziczną;Wszystkie powyższe odpowiedzi są poprawne;Wszystkie powyższe odpowiedzi są poprawne;PRAWDA;PRAWDA;Nie wiem;FAŁSZ;FAŁSZ;FAŁSZ;PRAWDA;FAŁSZ;PRAWDA;PRAWDA;Immunologicznego;Przyczyny stwardnienia rozsianego nie są do końca znane;Wszystkie powyższe odpowiedzi są poprawne;Wszystkie powyższe odpowiedzi są poprawne;PRAWDA;PRAWDA;PRAWDA;PRAWDA;PRAWDA;PRAWDA;PRAWDA;PRAWDA;PRAWDA;PRAWDA;Tak
2024/04/22 2:21:54 PM UTC+2;16-17 lat;Kobieta;Polska;Miasto do 50 000 mieszkańców;Z rozszerzoną biologią;Tak;Internet;Nie;Nic nie wiem o tej chorobie;Szkieletowego;Przyczyny stwardnienia rozsianego nie są do końca znane;Drętwienie lub osłabienie jednej lub więcej kończyn, zwykle występujące po jednej stronie ciała naraz;Wszystkie powyższe odpowiedzi są poprawne;Nie wiem;FAŁSZ;PRAWDA;PRAWDA;PRAWDA;PRAWDA;Nie wiem;Nie wiem;PRAWDA;PRAWDA;Immunologicznego;Przyczyny stwardnienia rozsianego nie są do końca znane;Wszystkie powyższe odpowiedzi są poprawne;Wszystkie powyższe odpowiedzi są poprawne;FAŁSZ;PRAWDA;PRAWDA;PRAWDA;PRAWDA;PRAWDA;PRAWDA;PRAWDA;PRAWDA;PRAWDA;Tak
2024/04/22 2:21:55 PM UTC+2;16-17 lat;Kobieta;Polska;Miasto powyżej 500 000 mieszkańców;Z rozszerzoną biologią;Tak;Rodzina;Nie;Słaba;Immunologicznego;Przyczyny stwardnienia rozsianego nie są do końca znane;Drętwienie lub osłabienie jednej lub więcej kończyn, zwykle występujące po jednej stronie ciała naraz;Wszystkie powyższe odpowiedzi są poprawne;Nie wiem;PRAWDA;FAŁSZ;FAŁSZ;FAŁSZ;FAŁSZ;PRAWDA;FAŁSZ;PRAWDA;PRAWDA;Immunologicznego;Przyczyny stwardnienia rozsianego nie są do końca znane;Wszystkie powyższe odpowiedzi są poprawne;Wszystkie powyższe odpowiedzi są poprawne;FAŁSZ;PRAWDA;PRAWDA;PRAWDA;PRAWDA;PRAWDA;PRAWDA;PRAWDA;PRAWDA;PRAWDA;Tak
2024/04/22 2:21:58 PM UTC+2;17-18 lat;Kobieta;Polska;Miasto powyżej 500 000 mieszkańców;Z rozszerzoną biologią;Tak;"Szkoła;Internet";Nie;Średnia;Immunologicznego;Przyczyny stwardnienia rozsianego nie są do końca znane;Wszystkie powyższe odpowiedzi są poprawne;Wszystkie powyższe odpowiedzi są poprawne;Nie wiem;PRAWDA;PRAWDA;PRAWDA;PRAWDA;PRAWDA;PRAWDA;Nie wiem;PRAWDA;PRAWDA;Immunologicznego;Przyczyny stwardnienia rozsianego nie są do końca znane;Wszystkie powyższe odpowiedzi są poprawne;Wszystkie powyższe odpowiedzi są poprawne;FAŁSZ;PRAWDA;PRAWDA;PRAWDA;PRAWDA;PRAWDA;PRAWDA;FAŁSZ;PRAWDA;PRAWDA;Tak
2024/04/22 2:22:03 PM UTC+2;16-17 lat;Mężczyzna;Polska;Miasto powyżej 500 000 mieszkańców;Z rozszerzoną biologią;Nie;Jacek ma małego siurka;Tak;Nic nie wiem o tej chorobie;Nie wiem;Nie wiem;Nie wiem;Nie wiem;Nie wiem;Nie wiem;Nie wiem;Nie wiem;Nie wiem;Nie wiem;Nie wiem;Nie wiem;Nie wiem;Nie wiem;Immunologicznego;Przyczyny stwardnienia rozsianego nie są do końca znane;Drętwienie lub osłabienie jednej lub więcej kończyn, zwykle występujące po jednej stronie ciała naraz;Zaburzenia funkcji poznawczych (kłopoty z pamięcią i znajdowaniem odpowiednich słów);FAŁSZ;PRAWDA;FAŁSZ;PRAWDA;FAŁSZ;PRAWDA;FAŁSZ;FAŁSZ;PRAWDA;PRAWDA;Nie
2024/04/22 2:22:08 PM UTC+2;16-17 lat;Mężczyzna;Polska;Miasto powyżej 500 000 mieszkańców;Z rozszerzoną biologią;Tak;Inne (jakie);Nie;Słaba;Szkieletowego;Przyczyny stwardnienia rozsianego nie są do końca znane;Wszystkie powyższe odpowiedzi są poprawne;Wszystkie powyższe odpowiedzi są poprawne;Nie wiem;Nie wiem;Nie wiem;Nie wiem;Nie wiem;PRAWDA;Nie wiem;Nie wiem;PRAWDA;PRAWDA;Immunologicznego;Przyczyny stwardnienia rozsianego nie są do końca znane;Wszystkie powyższe odpowiedzi są poprawne;Wszystkie powyższe odpowiedzi są poprawne;PRAWDA;PRAWDA;PRAWDA;PRAWDA;PRAWDA;PRAWDA;PRAWDA;FAŁSZ;PRAWDA;PRAWDA;Tak
2024/04/22 2:22:12 PM UTC+2;15-16 lat;Kobieta;Polska;Miasto powyżej 500 000 mieszkańców;Z rozszerzoną biologią;Nie;;Nie;Średnia;Immunologicznego;Przyczyn genetycznych i jest chorobą dziedziczną;Wszystkie powyższe odpowiedzi są poprawne;Wszystkie powyższe odpowiedzi są poprawne;Nie wiem;FAŁSZ;FAŁSZ;FAŁSZ;PRAWDA;PRAWDA;Nie wiem;Nie wiem;Nie wiem;Nie wiem;Immunologicznego;Przyczyny stwardnienia rozsianego nie są do końca znane;Wszystkie powyższe odpowiedzi są poprawne;Wszystkie powyższe odpowiedzi są poprawne;FAŁSZ;PRAWDA;FAŁSZ;FAŁSZ;PRAWDA;PRAWDA;PRAWDA;FAŁSZ;PRAWDA;PRAWDA;Tak
2024/04/22 2:22:12 PM UTC+2;17-18 lat;Kobieta;Polska;Miasto powyżej 500 000 mieszkańców;Z rozszerzoną biologią;Tak;"Rodzina;Szkoła;Internet";Tak;Średnia;Immunologicznego;Przyczyn genetycznych i jest chorobą dziedziczną;Wszystkie powyższe odpowiedzi są poprawne;Wszystkie powyższe odpowiedzi są poprawne;Nie wiem;FAŁSZ;PRAWDA;PRAWDA;PRAWDA;PRAWDA;PRAWDA;PRAWDA;PRAWDA;PRAWDA;Immunologicznego;Przyczyny stwardnienia rozsianego nie są do końca znane;Wszystkie powyższe odpowiedzi są poprawne;Wszystkie powyższe odpowiedzi są poprawne;FAŁSZ;FAŁSZ;PRAWDA;PRAWDA;PRAWDA;PRAWDA;PRAWDA;FAŁSZ;PRAWDA;PRAWDA;Tak
2024/04/22 2:22:13 PM UTC+2;14-15 lat;Mężczyzna;Polska;Miasto powyżej 500 000 mieszkańców;Z rozszerzoną biologią;Tak;Szkoła;Nie;Nic nie wiem o tej chorobie;Krwionośnego;Przyczyny stwardnienia rozsianego nie są do końca znane;Wszystkie powyższe odpowiedzi są poprawne;Wszystkie powyższe odpowiedzi są poprawne;Nie wiem;Nie wiem;PRAWDA;PRAWDA;PRAWDA;PRAWDA;PRAWDA;PRAWDA;Nie wiem;PRAWDA;Immunologicznego;Przyczyny stwardnienia rozsianego nie są do końca znane;Wszystkie powyższe odpowiedzi są poprawne;Wszystkie powyższe odpowiedzi są poprawne;FAŁSZ;PRAWDA;PRAWDA;PRAWDA;PRAWDA;PRAWDA;PRAWDA;FAŁSZ;PRAWDA;PRAWDA;Tak
2024/04/22 2:22:15 PM UTC+2;17-18 lat;Kobieta;Polska;Miasto powyżej 500 000 mieszkańców;Z rozszerzoną biologią;Tak;Internet;Nie;Słaba;Nie wiem;Nie wiem;Wszystkie powyższe odpowiedzi są poprawne;Nie wiem;Nie wiem;Nie wiem;PRAWDA;PRAWDA;Nie wiem;PRAWDA;PRAWDA;Nie wiem;PRAWDA;PRAWDA;Immunologicznego;Przyczyny stwardnienia rozsianego nie są do końca znane;Wszystkie powyższe odpowiedzi są poprawne;Wszystkie powyższe odpowiedzi są poprawne;PRAWDA;Nie wiem;PRAWDA;PRAWDA;PRAWDA;PRAWDA;PRAWDA;FAŁSZ;PRAWDA;PRAWDA;Tak
2024/04/22 2:22:17 PM UTC+2;15-16 lat;Mężczyzna;Polska;Miasto powyżej 500 000 mieszkańców;Z rozszerzoną biologią;Nie;;Nie;Nic nie wiem o tej chorobie;Pokarmowego;Przyczyn genetycznych i jest chorobą dziedziczną;Wszystkie powyższe odpowiedzi są poprawne;Zaburzenia psychiczne (depresja, niepokój, wahania nastroju);PRAWDA;FAŁSZ;PRAWDA;FAŁSZ;FAŁSZ;FAŁSZ;PRAWDA;PRAWDA;PRAWDA;PRAWDA;Immunologicznego;Przyczyny stwardnienia rozsianego nie są do końca znane;Wszystkie powyższe odpowiedzi są poprawne;Wszystkie powyższe odpowiedzi są poprawne;FAŁSZ;PRAWDA;PRAWDA;PRAWDA;PRAWDA;PRAWDA;FAŁSZ;FAŁSZ;PRAWDA;PRAWDA;Tak
2024/04/22 2:22:18 PM UTC+2;14-15 lat;Kobieta;Polska;Miasto powyżej 500 000 mieszkańców;Z rozszerzoną biologią;Nie;;Nie;Nic nie wiem o tej chorobie;Krwionośnego;Przyczyny stwardnienia rozsianego nie są do końca znane;Wszystkie powyższe odpowiedzi są poprawne;Wszystkie powyższe odpowiedzi są poprawne;Nie wiem;PRAWDA;FAŁSZ;PRAWDA;FAŁSZ;PRAWDA;PRAWDA;PRAWDA;PRAWDA;PRAWDA;Immunologicznego;Przyczyny stwardnienia rozsianego nie są do końca znane;Wszystkie powyższe odpowiedzi są poprawne;Wszystkie powyższe odpowiedzi są poprawne;FAŁSZ;PRAWDA;FAŁSZ;PRAWDA;PRAWDA;PRAWDA;PRAWDA;PRAWDA;PRAWDA;PRAWDA;Tak
2024/04/22 2:22:20 PM UTC+2;15-16 lat;Kobieta;Polska;Miasto powyżej 500 000 mieszkańców;Z rozszerzoną biologią;Tak;Rodzina;Tak;Średnia;Immunologicznego;Przyczyny stwardnienia rozsianego nie są do końca znane;Wszystkie powyższe odpowiedzi są poprawne;Wszystkie powyższe odpowiedzi są poprawne;Nie wiem;PRAWDA;FAŁSZ;PRAWDA;FAŁSZ;PRAWDA;PRAWDA;PRAWDA;PRAWDA;PRAWDA;Immunologicznego;Przyczyny stwardnienia rozsianego nie są do końca znane;Wszystkie powyższe odpowiedzi są poprawne;Wszystkie powyższe odpowiedzi są poprawne;FAŁSZ;PRAWDA;FAŁSZ;PRAWDA;PRAWDA;PRAWDA;PRAWDA;PRAWDA;PRAWDA;PRAWDA;Tak
2024/04/22 2:22:23 PM UTC+2;14-15 lat;Kobieta;Polska;Miasto powyżej 500 000 mieszkańców;Z rozszerzoną biologią;Tak;"Rodzina;Szkoła";Nie;Słaba;Szkieletowego;Przyczyny stwardnienia rozsianego nie są do końca znane;Wszystkie powyższe odpowiedzi są poprawne;Wszystkie powyższe odpowiedzi są poprawne;Nie wiem;FAŁSZ;Nie wiem;FAŁSZ;Nie wiem;PRAWDA;PRAWDA;Nie wiem;PRAWDA;PRAWDA;Immunologicznego;Przyczyny stwardnienia rozsianego nie są do końca znane;Drętwienie lub osłabienie jednej lub więcej kończyn, zwykle występujące po jednej stronie ciała naraz;Wszystkie powyższe odpowiedzi są poprawne;PRAWDA;PRAWDA;FAŁSZ;PRAWDA;PRAWDA;PRAWDA;PRAWDA;FAŁSZ;PRAWDA;PRAWDA;Tak
2024/04/22 2:22:24 PM UTC+2;14-15 lat;Mężczyzna;Polska;Miasto do 50 000 mieszkańców;Z rozszerzoną biologią;Nie;;Nie;Nic nie wiem o tej chorobie;Szkieletowego;Przyczyn genetycznych i jest chorobą dziedziczną;Wszystkie powyższe odpowiedzi są poprawne;Wszystkie powyższe odpowiedzi są poprawne;Nie wiem;Nie wiem;Nie wiem;PRAWDA;Nie wiem;PRAWDA;Nie wiem;PRAWDA;PRAWDA;PRAWDA;Immunologicznego;Przyczyn genetycznych i jest chorobą dziedziczną;Wszystkie powyższe odpowiedzi są poprawne;Wszystkie powyższe odpowiedzi są poprawne;FAŁSZ;PRAWDA;PRAWDA;PRAWDA;PRAWDA;PRAWDA;PRAWDA;FAŁSZ;PRAWDA;PRAWDA;Tak
2024/04/22 2:22:27 PM UTC+2;17-18 lat;Kobieta;Polska;Miasto od 100 000 do 500 000 mieszkańców;Z rozszerzoną biologią;Tak;Rodzina;Tak;Średnia;Immunologicznego;Przyczyny stwardnienia rozsianego nie są do końca znane;Wszystkie powyższe odpowiedzi są poprawne;Wszystkie powyższe odpowiedzi są poprawne;PRAWDA;PRAWDA;Nie wiem;Nie wiem;Nie wiem;PRAWDA;PRAWDA;Nie wiem;PRAWDA;PRAWDA;Immunologicznego;Przyczyny stwardnienia rozsianego nie są do końca znane;Wszystkie powyższe odpowiedzi są poprawne;Wszystkie powyższe odpowiedzi są poprawne;PRAWDA;PRAWDA;PRAWDA;PRAWDA;PRAWDA;PRAWDA;PRAWDA;FAŁSZ;PRAWDA;PRAWDA;Tak
2024/04/22 2:22:27 PM UTC+2;18-19 lat;Kobieta;Polska;Miasto powyżej 500 000 mieszkańców;Z rozszerzoną biologią;Tak;"Rodzina;Znajomi;Szkoła;Internet";Nie;Słaba;Immunologicznego;Przyczyny stwardnienia rozsianego nie są do końca znane;Wszystkie powyższe odpowiedzi są poprawne;Wszystkie powyższe odpowiedzi są poprawne;PRAWDA;FAŁSZ;FAŁSZ;PRAWDA;FAŁSZ;PRAWDA;PRAWDA;PRAWDA;PRAWDA;PRAWDA;Immunologicznego;Przyczyny stwardnienia rozsianego nie są do końca znane;Wszystkie powyższe odpowiedzi są poprawne;Wszystkie powyższe odpowiedzi są poprawne;PRAWDA;PRAWDA;PRAWDA;PRAWDA;PRAWDA;PRAWDA;PRAWDA;PRAWDA;PRAWDA;PRAWDA;Tak
2024/04/22 2:22:31 PM UTC+2;17-18 lat;Mężczyzna;Polska;Miasto powyżej 500 000 mieszkańców;Z rozszerzoną biologią;Tak;Internet;Nie;Średnia;Immunologicznego;Przyczyn genetycznych i jest chorobą dziedziczną;Wszystkie powyższe odpowiedzi są poprawne;Wszystkie powyższe odpowiedzi są poprawne;Nie wiem;PRAWDA;PRAWDA;PRAWDA;PRAWDA;FAŁSZ;PRAWDA;FAŁSZ;PRAWDA;PRAWDA;Immunologicznego;Przyczyny stwardnienia rozsianego nie są do końca znane;Wszystkie powyższe odpowiedzi są poprawne;Wszystkie powyższe odpowiedzi są poprawne;FAŁSZ;PRAWDA;PRAWDA;PRAWDA;PRAWDA;PRAWDA;PRAWDA;FAŁSZ;PRAWDA;PRAWDA;Tak
2024/04/22 2:22:31 PM UTC+2;16-17 lat;Kobieta;Polska;Miasto powyżej 500 000 mieszkańców;Z rozszerzoną biologią;Tak;Inne (jakie);Nie;Słaba;Szkieletowego;Przyczyny stwardnienia rozsianego nie są do końca znane;Wszystkie powyższe odpowiedzi są poprawne;Wszystkie powyższe odpowiedzi są poprawne;Nie wiem;Nie wiem;PRAWDA;PRAWDA;FAŁSZ;PRAWDA;PRAWDA;Nie wiem;FAŁSZ;Nie wiem;Immunologicznego;Przyczyny stwardnienia rozsianego nie są do końca znane;Wszystkie powyższe odpowiedzi są poprawne;Wszystkie powyższe odpowiedzi są poprawne;FAŁSZ;PRAWDA;PRAWDA;PRAWDA;PRAWDA;PRAWDA;PRAWDA;FAŁSZ;PRAWDA;PRAWDA;Tak
2024/04/22 2:22:32 PM UTC+2;15-16 lat;Kobieta;Polska;Miasto powyżej 500 000 mieszkańców;Z rozszerzoną biologią;Tak;Internet;Nie;Średnia;Szkieletowego;Przyczyn genetycznych i jest chorobą dziedziczną;Wszystkie powyższe odpowiedzi są poprawne;Wszystkie powyższe odpowiedzi są poprawne;PRAWDA;FAŁSZ;FAŁSZ;PRAWDA;Nie wiem;Nie wiem;PRAWDA;Nie wiem;PRAWDA;PRAWDA;Immunologicznego;Przyczyn genetycznych i jest chorobą dziedziczną;Wszystkie powyższe odpowiedzi są poprawne;Wszystkie powyższe odpowiedzi są poprawne;PRAWDA;PRAWDA;FAŁSZ;PRAWDA;PRAWDA;PRAWDA;PRAWDA;FAŁSZ;PRAWDA;PRAWDA;Tak
2024/04/22 2:22:32 PM UTC+2;15-16 lat;Mężczyzna;Polska;Miasto do 50 000 mieszkańców;Z rozszerzoną biologią;Tak;"Rodzina;Znajomi";Nie;Średnia;Immunologicznego;Przyczyny stwardnienia rozsianego nie są do końca znane;Wszystkie powyższe odpowiedzi są poprawne;Wszystkie powyższe odpowiedzi są poprawne;Nie wiem;PRAWDA;PRAWDA;PRAWDA;FAŁSZ;PRAWDA;FAŁSZ;PRAWDA;PRAWDA;PRAWDA;Immunologicznego;Przyczyny stwardnienia rozsianego nie są do końca znane;Wszystkie powyższe odpowiedzi są poprawne;Wszystkie powyższe odpowiedzi są poprawne;PRAWDA;PRAWDA;PRAWDA;PRAWDA;PRAWDA;PRAWDA;PRAWDA;FAŁSZ;PRAWDA;PRAWDA;Tak
2024/04/22 2:22:32 PM UTC+2;14-15 lat;Kobieta;Polska;Miasto powyżej 500 000 mieszkańców;Z rozszerzoną biologią;Tak;Inne (jakie);Nie;Nic nie wiem o tej chorobie;Immunologicznego;Przyczyny stwardnienia rozsianego nie są do końca znane;Wszystkie powyższe odpowiedzi są poprawne;Wszystkie powyższe odpowiedzi są poprawne;Nie wiem;Nie wiem;Nie wiem;Nie wiem;Nie wiem;Nie wiem;Nie wiem;Nie wiem;Nie wiem;Nie wiem;Immunologicznego;Przyczyny stwardnienia rozsianego nie są do końca znane;Wszystkie powyższe odpowiedzi są poprawne;Wszystkie powyższe odpowiedzi są poprawne;FAŁSZ;PRAWDA;PRAWDA;Nie wiem;PRAWDA;PRAWDA;PRAWDA;FAŁSZ;PRAWDA;PRAWDA;Tak
2024/04/22 2:22:32 PM UTC+2;17-18 lat;Kobieta;Polska;Miasto powyżej 500 000 mieszkańców;Z rozszerzoną biologią;Tak;"Szkoła;";Nie;Słaba;Immunologicznego;Przyczyn genetycznych i jest chorobą dziedziczną;Wszystkie powyższe odpowiedzi są poprawne;Wszystkie powyższe odpowiedzi są poprawne;PRAWDA;PRAWDA;Nie wiem;Nie wiem;FAŁSZ;FAŁSZ;PRAWDA;FAŁSZ;PRAWDA;PRAWDA;Immunologicznego;Przyczyny stwardnienia rozsianego nie są do końca znane;Wszystkie powyższe odpowiedzi są poprawne;Wszystkie powyższe odpowiedzi są poprawne;PRAWDA;PRAWDA;PRAWDA;PRAWDA;PRAWDA;PRAWDA;PRAWDA;Nie wiem;PRAWDA;PRAWDA;Tak
2024/04/22 2:22:33 PM UTC+2;17-18 lat;Mężczyzna;Polska;Miasto powyżej 500 000 mieszkańców;Z rozszerzoną biologią;Tak;Szkoła;Nie;Słaba;Szkieletowego;Przyczyn genetycznych i jest chorobą dziedziczną;Wszystkie powyższe odpowiedzi są poprawne;Wszystkie powyższe odpowiedzi są poprawne;Nie wiem;FAŁSZ;PRAWDA;PRAWDA;FAŁSZ;PRAWDA;FAŁSZ;PRAWDA;PRAWDA;PRAWDA;Immunologicznego;Przyczyny stwardnienia rozsianego nie są do końca znane;Wszystkie powyższe odpowiedzi są poprawne;Wszystkie powyższe odpowiedzi są poprawne;FAŁSZ;PRAWDA;PRAWDA;PRAWDA;PRAWDA;PRAWDA;PRAWDA;FAŁSZ;PRAWDA;PRAWDA;Tak
2024/04/22 2:22:33 PM UTC+2;17-18 lat;Kobieta;Polska;Miasto powyżej 500 000 mieszkańców;Z rozszerzoną biologią;Tak;Internet;Nie;Słaba;Immunologicznego;Przyczyny stwardnienia rozsianego nie są do końca znane;Wszystkie powyższe odpowiedzi są poprawne;Wszystkie powyższe odpowiedzi są poprawne;Nie wiem;FAŁSZ;Nie wiem;FAŁSZ;PRAWDA;PRAWDA;PRAWDA;PRAWDA;PRAWDA;PRAWDA;Immunologicznego;Przyczyny stwardnienia rozsianego nie są do końca znane;Wszystkie powyższe odpowiedzi są poprawne;Wszystkie powyższe odpowiedzi są poprawne;FAŁSZ;PRAWDA;FAŁSZ;PRAWDA;PRAWDA;PRAWDA;PRAWDA;FAŁSZ;PRAWDA;PRAWDA;Tak
2024/04/22 2:22:34 PM UTC+2;15-16 lat;Kobieta;Polska;Miasto powyżej 500 000 mieszkańców;Z rozszerzoną biologią;Nie;;Nie;Nic nie wiem o tej chorobie;Immunologicznego;Przyczyny stwardnienia rozsianego nie są do końca znane;Nie wiem;Wszystkie powyższe odpowiedzi są poprawne;Nie wiem;Nie wiem;Nie wiem;Nie wiem;Nie wiem;Nie wiem;Nie wiem;Nie wiem;Nie wiem;Nie wiem;Immunologicznego;Przyczyny stwardnienia rozsianego nie są do końca znane;Wszystkie powyższe odpowiedzi są poprawne;Wszystkie powyższe odpowiedzi są poprawne;FAŁSZ;PRAWDA;PRAWDA;PRAWDA;PRAWDA;PRAWDA;PRAWDA;FAŁSZ;PRAWDA;PRAWDA;Tak
2024/04/22 2:22:36 PM UTC+2;17-18 lat;Kobieta;Polska;Miasto do 50 000 mieszkańców;Z rozszerzoną biologią;Nie;Kule Bartosza Łudczaka;Tak;Słaba;Immunologicznego;Przyczyny stwardnienia rozsianego nie są do końca znane;Wszystkie powyższe odpowiedzi są poprawne;Wszystkie powyższe odpowiedzi są poprawne;Nie wiem;PRAWDA;FAŁSZ;PRAWDA;PRAWDA;PRAWDA;FAŁSZ;FAŁSZ;PRAWDA;FAŁSZ;Immunologicznego;Przyczyny stwardnienia rozsianego nie są do końca znane;Wszystkie powyższe odpowiedzi są poprawne;Wszystkie powyższe odpowiedzi są poprawne;PRAWDA;PRAWDA;FAŁSZ;PRAWDA;PRAWDA;PRAWDA;PRAWDA;FAŁSZ;PRAWDA;PRAWDA;Lekcja o kulach Bartosza 
2024/04/22 2:22:36 PM UTC+2;17-18 lat;Mężczyzna;Polska;Miasto powyżej 500 000 mieszkańców;Z rozszerzoną biologią;Tak;"Szkoła;Internet";Nie;Słaba;Immunologicznego;Przyczyn genetycznych i jest chorobą dziedziczną;Zaburzenia równowagi;Wszystkie powyższe odpowiedzi są poprawne;PRAWDA;PRAWDA;FAŁSZ;PRAWDA;FAŁSZ;FAŁSZ;PRAWDA;Nie wiem;PRAWDA;PRAWDA;Immunologicznego;Przyczyny stwardnienia rozsianego nie są do końca znane;Wszystkie powyższe odpowiedzi są poprawne;Wszystkie powyższe odpowiedzi są poprawne;PRAWDA;PRAWDA;PRAWDA;PRAWDA;PRAWDA;PRAWDA;PRAWDA;FAŁSZ;PRAWDA;PRAWDA;Tak
2024/04/22 2:22:39 PM UTC+2;15-16 lat;Kobieta;Polska;Miasto powyżej 500 000 mieszkańców;Z rozszerzoną biologią;Nie;;Nie;Nic nie wiem o tej chorobie;Immunologicznego;Zarażenia się nim od innej osoby;Nie wiem;Nie wiem;Nie wiem;PRAWDA;Nie wiem;Nie wiem;Nie wiem;Nie wiem;Nie wiem;Nie wiem;Nie wiem;Nie wiem;Immunologicznego;Przyczyny stwardnienia rozsianego nie są do końca znane;Wszystkie powyższe odpowiedzi są poprawne;Wszystkie powyższe odpowiedzi są poprawne;FAŁSZ;PRAWDA;Nie wiem;PRAWDA;PRAWDA;PRAWDA;Nie wiem;PRAWDA;PRAWDA;PRAWDA;Tak
2024/04/22 2:22:40 PM UTC+2;17-18 lat;Kobieta;Polska;Miasto od 50 000 do 100 000 mieszkańców;Z rozszerzoną biologią;Tak;"Rodzina;Szkoła;Internet";Nie;Średnia;Immunologicznego;Przyczyn genetycznych i jest chorobą dziedziczną;Wszystkie powyższe odpowiedzi są poprawne;Wszystkie powyższe odpowiedzi są poprawne;Nie wiem;PRAWDA;Nie wiem;PRAWDA;FAŁSZ;FAŁSZ;PRAWDA;PRAWDA;FAŁSZ;PRAWDA;Immunologicznego;Przyczyny stwardnienia rozsianego nie są do końca znane;Wszystkie powyższe odpowiedzi są poprawne;Wszystkie powyższe odpowiedzi są poprawne;FAŁSZ;PRAWDA;PRAWDA;PRAWDA;PRAWDA;PRAWDA;PRAWDA;FAŁSZ;PRAWDA;PRAWDA;Tak
2024/04/22 2:22:40 PM UTC+2;15-16 lat;Kobieta;Polska;Miasto powyżej 500 000 mieszkańców;Z rozszerzoną biologią;Tak;Internet;Nie;Nic nie wiem o tej chorobie;Immunologicznego;Przyczyny stwardnienia rozsianego nie są do końca znane;Wszystkie powyższe odpowiedzi są poprawne;Wszystkie powyższe odpowiedzi są poprawne;Nie wiem;FAŁSZ;PRAWDA;PRAWDA;PRAWDA;PRAWDA;PRAWDA;PRAWDA;PRAWDA;PRAWDA;Immunologicznego;Przyczyn genetycznych i jest chorobą dziedziczną;Wszystkie powyższe odpowiedzi są poprawne;Wszystkie powyższe odpowiedzi są poprawne;FAŁSZ;PRAWDA;Nie wiem;FAŁSZ;PRAWDA;PRAWDA;PRAWDA;PRAWDA;PRAWDA;PRAWDA;Tak
2024/04/22 2:22:48 PM UTC+2;17-18 lat;Mężczyzna;Polska;Miasto do 50 000 mieszkańców;Z rozszerzoną biologią;Nie;Nie słyszałem jestem gluchy;Nie;Nic nie wiem o tej chorobie;Szkieletowego;Przyczyny stwardnienia rozsianego nie są do końca znane;Wszystkie powyższe odpowiedzi są poprawne;Wszystkie powyższe odpowiedzi są poprawne;Nie wiem;FAŁSZ;PRAWDA;PRAWDA;Nie wiem;Nie wiem;Nie wiem;PRAWDA;PRAWDA;PRAWDA;Immunologicznego;Przyczyny stwardnienia rozsianego nie są do końca znane;Wszystkie powyższe odpowiedzi są poprawne;Wszystkie powyższe odpowiedzi są poprawne;PRAWDA;PRAWDA;PRAWDA;PRAWDA;PRAWDA;PRAWDA;PRAWDA;FAŁSZ;PRAWDA;PRAWDA;Tak
2024/04/22 2:22:50 PM UTC+2;15-16 lat;Mężczyzna;Polska;Miasto powyżej 500 000 mieszkańców;Z rozszerzoną biologią;Tak;Internet;Nie;Słaba;Krwionośnego;Nie wiem;Wszystkie powyższe odpowiedzi są poprawne;Wszystkie powyższe odpowiedzi są poprawne;PRAWDA;FAŁSZ;PRAWDA;PRAWDA;Nie wiem;FAŁSZ;Nie wiem;PRAWDA;PRAWDA;PRAWDA;Immunologicznego;Przyczyny stwardnienia rozsianego nie są do końca znane;Wszystkie powyższe odpowiedzi są poprawne;Wszystkie powyższe odpowiedzi są poprawne;FAŁSZ;PRAWDA;PRAWDA;PRAWDA;PRAWDA;PRAWDA;PRAWDA;PRAWDA;PRAWDA;PRAWDA;Tak
2024/04/22 2:22:51 PM UTC+2;14-15 lat;Kobieta;Polska;Miasto powyżej 500 000 mieszkańców;Z rozszerzoną biologią;Tak;"Inne (jakie);Nie pamiętam ";Nie;Nic nie wiem o tej chorobie;Immunologicznego;Przyczyny stwardnienia rozsianego nie są do końca znane;Wszystkie powyższe odpowiedzi są poprawne;Zaburzenia funkcji poznawczych (kłopoty z pamięcią i znajdowaniem odpowiednich słów);PRAWDA;PRAWDA;Nie wiem;FAŁSZ;PRAWDA;PRAWDA;PRAWDA;PRAWDA;PRAWDA;PRAWDA;Immunologicznego;Przyczyny stwardnienia rozsianego nie są do końca znane;Wszystkie powyższe odpowiedzi są poprawne;Kłopoty z pęcherzem, jelitami i funkcjami seksualnymi;PRAWDA;FAŁSZ;PRAWDA;PRAWDA;PRAWDA;PRAWDA;PRAWDA;PRAWDA;FAŁSZ;PRAWDA;Tak
2024/04/22 2:22:53 PM UTC+2;15-16 lat;Kobieta;Polska;Miasto do 50 000 mieszkańców;Z rozszerzoną biologią;Tak;"Rodzina;Szkoła;Internet";Nie;Słaba;Immunologicznego;Przyczyn genetycznych i jest chorobą dziedziczną;Wszystkie powyższe odpowiedzi są poprawne;Wszystkie powyższe odpowiedzi są poprawne;Nie wiem;PRAWDA;PRAWDA;Nie wiem;Nie wiem;Nie wiem;PRAWDA;PRAWDA;PRAWDA;PRAWDA;Immunologicznego;Przyczyn genetycznych i jest chorobą dziedziczną;Wszystkie powyższe odpowiedzi są poprawne;Wszystkie powyższe odpowiedzi są poprawne;FAŁSZ;PRAWDA;PRAWDA;PRAWDA;PRAWDA;PRAWDA;PRAWDA;FAŁSZ;PRAWDA;PRAWDA;Tak
2024/04/22 2:22:55 PM UTC+2;15-16 lat;Mężczyzna;Polska;Miasto do 50 000 mieszkańców;Z rozszerzoną biologią;Tak;"Rodzina;Internet";Nie;Dobra;Immunologicznego;Przyczyn genetycznych i jest chorobą dziedziczną;Wszystkie powyższe odpowiedzi są poprawne;Wszystkie powyższe odpowiedzi są poprawne;PRAWDA;PRAWDA;PRAWDA;PRAWDA;PRAWDA;PRAWDA;PRAWDA;PRAWDA;PRAWDA;PRAWDA;Immunologicznego;Przyczyn genetycznych i jest chorobą dziedziczną;Wszystkie powyższe odpowiedzi są poprawne;Wszystkie powyższe odpowiedzi są poprawne;PRAWDA;PRAWDA;PRAWDA;PRAWDA;PRAWDA;PRAWDA;PRAWDA;PRAWDA;PRAWDA;PRAWDA;Tak
2024/04/22 2:22:57 PM UTC+2;16-17 lat;Mężczyzna;Polska;Miasto powyżej 500 000 mieszkańców;Z rozszerzoną biologią;Tak;Rodzina;Tak;Dobra;Immunologicznego;Przyczyn genetycznych i jest chorobą dziedziczną;Wszystkie powyższe odpowiedzi są poprawne;Wszystkie powyższe odpowiedzi są poprawne;PRAWDA;FAŁSZ;Nie wiem;PRAWDA;FAŁSZ;FAŁSZ;PRAWDA;PRAWDA;PRAWDA;PRAWDA;Immunologicznego;Przyczyny stwardnienia rozsianego nie są do końca znane;Wszystkie powyższe odpowiedzi są poprawne;Wszystkie powyższe odpowiedzi są poprawne;FAŁSZ;FAŁSZ;PRAWDA;PRAWDA;PRAWDA;PRAWDA;PRAWDA;PRAWDA;PRAWDA;PRAWDA;Tak
2024/04/22 2:23:05 PM UTC+2;14-15 lat;Kobieta;Polska;Miasto do 50 000 mieszkańców;Z rozszerzoną biologią;Nie;;Nie;Nic nie wiem o tej chorobie;Nie wiem;Nie wiem;Nie wiem;Nie wiem;PRAWDA;Nie wiem;Nie wiem;Nie wiem;Nie wiem;Nie wiem;Nie wiem;Nie wiem;Nie wiem;Nie wiem;Immunologicznego;Przyczyny stwardnienia rozsianego nie są do końca znane;Wszystkie powyższe odpowiedzi są poprawne;Wszystkie powyższe odpowiedzi są poprawne;PRAWDA;PRAWDA;PRAWDA;PRAWDA;PRAWDA;PRAWDA;PRAWDA;FAŁSZ;PRAWDA;PRAWDA;Tak
2024/04/22 2:23:07 PM UTC+2;17-18 lat;Mężczyzna;Polska;Miasto powyżej 500 000 mieszkańców;Z rozszerzoną biologią;Tak;Kule bartosza;Nie;Słaba;Szkieletowego;Przyczyny stwardnienia rozsianego nie są do końca znane;Wszystkie powyższe odpowiedzi są poprawne;Wszystkie powyższe odpowiedzi są poprawne;PRAWDA;FAŁSZ;PRAWDA;PRAWDA;PRAWDA;PRAWDA;PRAWDA;FAŁSZ;PRAWDA;PRAWDA;Immunologicznego;Przyczyny stwardnienia rozsianego nie są do końca znane;Wszystkie powyższe odpowiedzi są poprawne;Niepełnosprawność;PRAWDA;PRAWDA;PRAWDA;PRAWDA;PRAWDA;PRAWDA;PRAWDA;FAŁSZ;PRAWDA;PRAWDA;Autoprezentacja pawła tutaka
2024/04/22 2:23:10 PM UTC+2;17-18 lat;Mężczyzna;Polska;Miasto od 100 000 do 500 000 mieszkańców;Z rozszerzoną biologią;Nie;;Nie;Nic nie wiem o tej chorobie;Nie wiem;Nie wiem;Nie wiem;Nie wiem;Nie wiem;Nie wiem;Nie wiem;Nie wiem;Nie wiem;Nie wiem;Nie wiem;Nie wiem;Nie wiem;Nie wiem;Immunologicznego;Przyczyn genetycznych i jest chorobą dziedziczną;Wszystkie powyższe odpowiedzi są poprawne;Wszystkie powyższe odpowiedzi są poprawne;PRAWDA;FAŁSZ;PRAWDA;PRAWDA;PRAWDA;PRAWDA;PRAWDA;PRAWDA;PRAWDA;PRAWDA;Tak
2024/04/22 2:23:16 PM UTC+2;16-17 lat;Kobieta;Polska;Miasto powyżej 500 000 mieszkańców;Z rozszerzoną biologią;Tak;"Znajomi;Szkoła;Internet";Nie;Słaba;Immunologicznego;Przyczyny stwardnienia rozsianego nie są do końca znane;Wszystkie powyższe odpowiedzi są poprawne;Wszystkie powyższe odpowiedzi są poprawne;PRAWDA;PRAWDA;PRAWDA;PRAWDA;PRAWDA;FAŁSZ;PRAWDA;PRAWDA;PRAWDA;PRAWDA;Immunologicznego;Przyczyny stwardnienia rozsianego nie są do końca znane;Wszystkie powyższe odpowiedzi są poprawne;Wszystkie powyższe odpowiedzi są poprawne;PRAWDA;PRAWDA;PRAWDA;PRAWDA;PRAWDA;PRAWDA;PRAWDA;PRAWDA;PRAWDA;PRAWDA;Tak
2024/04/22 2:23:18 PM UTC+2;17-18 lat;Kobieta;Polska;Miasto do 50 000 mieszkańców;Z rozszerzoną biologią;Tak;"Znajomi;Szkoła;Internet";Nie;Słaba;Immunologicznego;Przyczyny stwardnienia rozsianego nie są do końca znane;Wszystkie powyższe odpowiedzi są poprawne;Wszystkie powyższe odpowiedzi są poprawne;PRAWDA;PRAWDA;PRAWDA;PRAWDA;PRAWDA;FAŁSZ;PRAWDA;PRAWDA;PRAWDA;PRAWDA;Immunologicznego;Przyczyny stwardnienia rozsianego nie są do końca znane;Wszystkie powyższe odpowiedzi są poprawne;Wszystkie powyższe odpowiedzi są poprawne;PRAWDA;PRAWDA;PRAWDA;PRAWDA;PRAWDA;PRAWDA;PRAWDA;PRAWDA;PRAWDA;PRAWDA;Tak
2024/04/22 2:23:21 PM UTC+2;17-18 lat;Kobieta;Polska;Miasto do 50 000 mieszkańców;Z rozszerzoną biologią;Tak;"Szkoła;Internet";Nie;Średnia;Immunologicznego;Przyczyny stwardnienia rozsianego nie są do końca znane;Wszystkie powyższe odpowiedzi są poprawne;Wszystkie powyższe odpowiedzi są poprawne;PRAWDA;PRAWDA;Nie wiem;Nie wiem;FAŁSZ;FAŁSZ;PRAWDA;PRAWDA;PRAWDA;PRAWDA;Immunologicznego;Przyczyny stwardnienia rozsianego nie są do końca znane;Wszystkie powyższe odpowiedzi są poprawne;Wszystkie powyższe odpowiedzi są poprawne;PRAWDA;PRAWDA;PRAWDA;FAŁSZ;PRAWDA;PRAWDA;PRAWDA;PRAWDA;PRAWDA;PRAWDA;Tak
2024/04/22 2:23:22 PM UTC+2;14-15 lat;Kobieta;Polska;Miasto do 50 000 mieszkańców;Z rozszerzoną biologią;Tak;Internet;Nie;Słaba;Nie wiem;Nie wiem;Nie wiem;Nie wiem;Nie wiem;Nie wiem;Nie wiem;Nie wiem;Nie wiem;Nie wiem;PRAWDA;FAŁSZ;Nie wiem;Nie wiem;Immunologicznego;Przyczyn genetycznych i jest chorobą dziedziczną;Wszystkie powyższe odpowiedzi są poprawne;Wszystkie powyższe odpowiedzi są poprawne;FAŁSZ;PRAWDA;PRAWDA;PRAWDA;PRAWDA;PRAWDA;FAŁSZ;PRAWDA;PRAWDA;PRAWDA;Tak
2024/04/22 2:23:30 PM UTC+2;15-16 lat;Kobieta;Polska;Miasto od 50 000 do 100 000 mieszkańców;Z rozszerzoną biologią;Tak;Nie pamiętam ;Nie;Słaba;Krwionośnego;Nie wiem;Nie wiem;Nie wiem;Nie wiem;Nie wiem;Nie wiem;Nie wiem;Nie wiem;Nie wiem;Nie wiem;Nie wiem;Nie wiem;Nie wiem;Immunologicznego;Przyczyny stwardnienia rozsianego nie są do końca znane;Wszystkie powyższe odpowiedzi są poprawne;Wszystkie powyższe odpowiedzi są poprawne;FAŁSZ;PRAWDA;PRAWDA;PRAWDA;PRAWDA;PRAWDA;PRAWDA;PRAWDA;PRAWDA;PRAWDA;Tak
2024/04/22 2:23:42 PM UTC+2;18-19 lat;Kobieta;Polska;Miasto do 50 000 mieszkańców;Z rozszerzoną biologią;Tak;"Inne (jakie);Nw ";Nie;Nic nie wiem o tej chorobie;Immunologicznego;Przyczyn genetycznych i jest chorobą dziedziczną;Nietrzymanie moczu;Wszystkie powyższe odpowiedzi są poprawne;PRAWDA;FAŁSZ;PRAWDA;FAŁSZ;PRAWDA;PRAWDA;FAŁSZ;PRAWDA;PRAWDA;PRAWDA;Immunologicznego;Przyczyny stwardnienia rozsianego nie są do końca znane;Wszystkie powyższe odpowiedzi są poprawne;Wszystkie powyższe odpowiedzi są poprawne;PRAWDA;PRAWDA;PRAWDA;PRAWDA;PRAWDA;PRAWDA;PRAWDA;PRAWDA;PRAWDA;PRAWDA;Tak
2024/04/22 2:24:06 PM UTC+2;14-15 lat;Kobieta;Polska;Miasto do 50 000 mieszkańców;Z rozszerzoną biologią;Tak;Internet;Nie;Słaba;Immunologicznego;Przyczyny stwardnienia rozsianego nie są do końca znane;Wszystkie powyższe odpowiedzi są poprawne;Wszystkie powyższe odpowiedzi są poprawne;Nie wiem;FAŁSZ;Nie wiem;Nie wiem;PRAWDA;PRAWDA;PRAWDA;PRAWDA;PRAWDA;PRAWDA;Immunologicznego;Przyczyny stwardnienia rozsianego nie są do końca znane;Wszystkie powyższe odpowiedzi są poprawne;Wszystkie powyższe odpowiedzi są poprawne;PRAWDA;PRAWDA;FAŁSZ;PRAWDA;PRAWDA;PRAWDA;PRAWDA;FAŁSZ;PRAWDA;PRAWDA;Tak
2024/04/22 2:24:23 PM UTC+2;14-15 lat;Kobieta;Polska;Miasto powyżej 500 000 mieszkańców;Z rozszerzoną biologią;Nie;;Nie;Nic nie wiem o tej chorobie;Nie wiem;Przyczyny stwardnienia rozsianego nie są do końca znane;Wszystkie powyższe odpowiedzi są poprawne;Wszystkie powyższe odpowiedzi są poprawne;Nie wiem;Nie wiem;Nie wiem;PRAWDA;PRAWDA;PRAWDA;PRAWDA;PRAWDA;PRAWDA;PRAWDA;Immunologicznego;Przyczyny stwardnienia rozsianego nie są do końca znane;Wszystkie powyższe odpowiedzi są poprawne;Wszystkie powyższe odpowiedzi są poprawne;PRAWDA;PRAWDA;FAŁSZ;PRAWDA;PRAWDA;PRAWDA;PRAWDA;FAŁSZ;PRAWDA;PRAWDA;Tak
2024/04/22 2:24:24 PM UTC+2;17-18 lat;Mężczyzna;Polska;Miasto powyżej 500 000 mieszkańców;Z rozszerzoną biologią;Nie;;Nie;Nic nie wiem o tej chorobie;Nie wiem;Nie wiem;Nie wiem;Nie wiem;Nie wiem;Nie wiem;Nie wiem;Nie wiem;Nie wiem;Nie wiem;Nie wiem;Nie wiem;Nie wiem;Nie wiem;Immunologicznego;Przyczyny stwardnienia rozsianego nie są do końca znane;Wszystkie powyższe odpowiedzi są poprawne;Wszystkie powyższe odpowiedzi są poprawne;Nie wiem;Nie wiem;PRAWDA;PRAWDA;PRAWDA;PRAWDA;Nie wiem;FAŁSZ;Nie wiem;Nie wiem;Tak
2024/04/22 2:24:37 PM UTC+2;14-15 lat;Kobieta;Polska;Miasto od 50 000 do 100 000 mieszkańców;Z rozszerzoną biologią;Nie;;Nie;Nic nie wiem o tej chorobie;Krwionośnego;Przyczyn genetycznych i jest chorobą dziedziczną;Wszystkie powyższe odpowiedzi są poprawne;Wszystkie powyższe odpowiedzi są poprawne;Nie wiem;FAŁSZ;Nie wiem;PRAWDA;FAŁSZ;Nie wiem;PRAWDA;Nie wiem;PRAWDA;PRAWDA;Immunologicznego;Przyczyny stwardnienia rozsianego nie są do końca znane;Wszystkie powyższe odpowiedzi są poprawne;Wszystkie powyższe odpowiedzi są poprawne;FAŁSZ;PRAWDA;PRAWDA;PRAWDA;PRAWDA;PRAWDA;PRAWDA;PRAWDA;PRAWDA;PRAWDA;Tak
2024/04/22 2:24:54 PM UTC+2;15-16 lat;Kobieta;Polska;Miasto powyżej 500 000 mieszkańców;Z rozszerzoną biologią;Tak;Rodzina;Tak;Słaba;Immunologicznego;Przyczyn genetycznych i jest chorobą dziedziczną;Drętwienie lub osłabienie jednej lub więcej kończyn, zwykle występujące po jednej stronie ciała naraz;Wszystkie powyższe odpowiedzi są poprawne;Nie wiem;FAŁSZ;Nie wiem;PRAWDA;PRAWDA;PRAWDA;PRAWDA;PRAWDA;Nie wiem;PRAWDA;Immunologicznego;Przyczyny stwardnienia rozsianego nie są do końca znane;Wszystkie powyższe odpowiedzi są poprawne;Wszystkie powyższe odpowiedzi są poprawne;FAŁSZ;PRAWDA;FAŁSZ;PRAWDA;PRAWDA;PRAWDA;PRAWDA;FAŁSZ;PRAWDA;PRAWDA;Tak
2024/04/22 2:24:54 PM UTC+2;14-15 lat;Kobieta;Polska;Miasto powyżej 500 000 mieszkańców;Z rozszerzoną biologią;Nie;;Nie;Nic nie wiem o tej chorobie;Immunologicznego;Przyczyny stwardnienia rozsianego nie są do końca znane;Wszystkie powyższe odpowiedzi są poprawne;Wszystkie powyższe odpowiedzi są poprawne;Nie wiem;Nie wiem;PRAWDA;PRAWDA;PRAWDA;Nie wiem;PRAWDA;PRAWDA;PRAWDA;Nie wiem;Immunologicznego;Przyczyny stwardnienia rozsianego nie są do końca znane;Wszystkie powyższe odpowiedzi są poprawne;Wszystkie powyższe odpowiedzi są poprawne;PRAWDA;PRAWDA;PRAWDA;PRAWDA;PRAWDA;PRAWDA;PRAWDA;FAŁSZ;PRAWDA;PRAWDA;Tak
2024/04/24 12:21:15 PM UTC+2;16-17 lat;Mężczyzna;Polska;Miasto powyżej 500 000 mieszkańców;Z rozszerzoną biologią;Nie;;Nie;Nic nie wiem o tej chorobie;Nie wiem;Nie wiem;Nie wiem;Nie wiem;Nie wiem;Nie wiem;Nie wiem;Nie wiem;Nie wiem;Nie wiem;Nie wiem;Nie wiem;Nie wiem;Nie wiem;Nie wiem;Nie wiem;Nie wiem;Nie wiem;Nie wiem;Nie wiem;Nie wiem;Nie wiem;Nie wiem;Nie wiem;Nie wiem;Nie wiem;Nie wiem;Nie wiem;Tak
2024/04/24 12:25:11 PM UTC+2;16-17 lat;Mężczyzna;Polska;Miasto powyżej 500 000 mieszkańców;Z rozszerzoną biologią;Tak;Znajomi;Nie;Bardzo dobra;Nie wiem;Nie wiem;Nie wiem;Nie wiem;Nie wiem;Nie wiem;Nie wiem;Nie wiem;Nie wiem;Nie wiem;Nie wiem;Nie wiem;Nie wiem;Nie wiem;Nie wiem;Nie wiem;Nie wiem;Nie wiem;Nie wiem;Nie wiem;Nie wiem;Nie wiem;Nie wiem;Nie wiem;Nie wiem;Nie wiem;Nie wiem;Nie wiem;Tak
2024/04/24 12:25:25 PM UTC+2;16-17 lat;Mężczyzna;Polska;Miasto do 50 000 mieszkańców;Z rozszerzoną biologią;Tak;Rodzina;Nie;Nic nie wiem o tej chorobie;Nie wiem;Nie wiem;Nie wiem;Nie wiem;Nie wiem;Nie wiem;Nie wiem;Nie wiem;Nie wiem;Nie wiem;Nie wiem;Nie wiem;Nie wiem;Nie wiem;Nie wiem;Nie wiem;Nie wiem;Nie wiem;Nie wiem;Nie wiem;Nie wiem;Nie wiem;Nie wiem;Nie wiem;Nie wiem;Nie wiem;Nie wiem;Nie wiem;Nie
2024/04/24 12:36:37 PM UTC+2;14-15 lat;Kobieta;Polska;Miasto powyżej 500 000 mieszkańców;Z rozszerzoną biologią;Nie;Inne (jakie);Nie;Nic nie wiem o tej chorobie;Pokarmowego;Nie wiem;Nie wiem;Nie wiem;Nie wiem;Nie wiem;Nie wiem;Nie wiem;Nie wiem;Nie wiem;Nie wiem;Nie wiem;Nie wiem;Nie wiem;Immunologicznego;Przyczyny stwardnienia rozsianego nie są do końca znane;Wszystkie powyższe odpowiedzi są poprawne;Wszystkie powyższe odpowiedzi są poprawne;PRAWDA;PRAWDA;PRAWDA;PRAWDA;PRAWDA;PRAWDA;PRAWDA;PRAWDA;PRAWDA;PRAWDA;Tak
2024/04/24 12:39:29 PM UTC+2;15-16 lat;Kobieta;Polska;Miasto do 50 000 mieszkańców;Z rozszerzoną biologią;Tak;Rodzina;Tak;Dobra;Immunologicznego;Przyczyny stwardnienia rozsianego nie są do końca znane;Wszystkie powyższe odpowiedzi są poprawne;Wszystkie powyższe odpowiedzi są poprawne;Nie wiem;FAŁSZ;Nie wiem;Nie wiem;FAŁSZ;PRAWDA;PRAWDA;FAŁSZ;PRAWDA;PRAWDA;Immunologicznego;Przyczyny stwardnienia rozsianego nie są do końca znane;Wszystkie powyższe odpowiedzi są poprawne;Wszystkie powyższe odpowiedzi są poprawne;PRAWDA;PRAWDA;FAŁSZ;PRAWDA;PRAWDA;PRAWDA;PRAWDA;PRAWDA;PRAWDA;PRAWDA;Tak
2024/04/24 12:39:35 PM UTC+2;14-15 lat;Kobieta;Polska;Miasto powyżej 500 000 mieszkańców;Z rozszerzoną biologią;Nie;;Nie;Nic nie wiem o tej chorobie;Nie wiem;Nie wiem;Nie wiem;Nie wiem;PRAWDA;Nie wiem;Nie wiem;Nie wiem;Nie wiem;Nie wiem;Nie wiem;Nie wiem;Nie wiem;Nie wiem;Immunologicznego;Przyczyny stwardnienia rozsianego nie są do końca znane;Wszystkie powyższe odpowiedzi są poprawne;Niepełnosprawność;FAŁSZ;PRAWDA;PRAWDA;PRAWDA;PRAWDA;PRAWDA;PRAWDA;PRAWDA;PRAWDA;PRAWDA;Tak
2024/04/24 12:40:25 PM UTC+2;15-16 lat;Mężczyzna;Polska;Miasto do 50 000 mieszkańców;Z rozszerzoną biologią;Nie;;Nie;Nic nie wiem o tej chorobie;Pokarmowego;Zanieczyszczeń środowiska;Nietrzymanie moczu;Kłopoty z pęcherzem, jelitami i funkcjami seksualnymi;Nie wiem;PRAWDA;Nie wiem;PRAWDA;FAŁSZ;FAŁSZ;PRAWDA;PRAWDA;PRAWDA;PRAWDA;Pokarmowego;Zanieczyszczeń środowiska;Nietrzymanie moczu;Zaburzenia funkcji poznawczych (kłopoty z pamięcią i znajdowaniem odpowiednich słów);PRAWDA;Nie wiem;PRAWDA;PRAWDA;FAŁSZ;Nie wiem;Nie wiem;Nie wiem;Nie wiem;PRAWDA;Tak
2024/04/24 12:40:40 PM UTC+2;14-15 lat;Kobieta;Polska;Miasto powyżej 500 000 mieszkańców;Z rozszerzoną biologią;Nie;;Nie;Słaba;Immunologicznego;Przyczyny stwardnienia rozsianego nie są do końca znane;Wszystkie powyższe odpowiedzi są poprawne;Nie wiem;PRAWDA;PRAWDA;FAŁSZ;Nie wiem;Nie wiem;FAŁSZ;Nie wiem;PRAWDA;Nie wiem;PRAWDA;Immunologicznego;Przyczyny stwardnienia rozsianego nie są do końca znane;Wszystkie powyższe odpowiedzi są poprawne;Wszystkie powyższe odpowiedzi są poprawne;PRAWDA;PRAWDA;FAŁSZ;PRAWDA;PRAWDA;PRAWDA;PRAWDA;PRAWDA;PRAWDA;PRAWDA;Tak
2024/04/24 12:41:02 PM UTC+2;16-17 lat;Mężczyzna;Polska;Miasto powyżej 500 000 mieszkańców;Z rozszerzoną biologią;Nie;;Nie;Nic nie wiem o tej chorobie;Nie wiem;Nie wiem;Nie wiem;Nie wiem;Nie wiem;Nie wiem;Nie wiem;Nie wiem;Nie wiem;Nie wiem;Nie wiem;Nie wiem;Nie wiem;Nie wiem;Immunologicznego;Przyczyny stwardnienia rozsianego nie są do końca znane;Wszystkie powyższe odpowiedzi są poprawne;Wszystkie powyższe odpowiedzi są poprawne;PRAWDA;PRAWDA;PRAWDA;PRAWDA;PRAWDA;PRAWDA;PRAWDA;FAŁSZ;PRAWDA;PRAWDA;Tak
2024/04/24 12:41:23 PM UTC+2;14-15 lat;Kobieta;Polska;Miasto powyżej 500 000 mieszkańców;Z rozszerzoną biologią;Nie;;Nie;Słaba;Immunologicznego;Przyczyny stwardnienia rozsianego nie są do końca znane;Wszystkie powyższe odpowiedzi są poprawne;Nie wiem;PRAWDA;PRAWDA;FAŁSZ;Nie wiem;Nie wiem;FAŁSZ;Nie wiem;FAŁSZ;Nie wiem;PRAWDA;Immunologicznego;Przyczyny stwardnienia rozsianego nie są do końca znane;Wszystkie powyższe odpowiedzi są poprawne;Wszystkie powyższe odpowiedzi są poprawne;PRAWDA;PRAWDA;FAŁSZ;PRAWDA;PRAWDA;PRAWDA;PRAWDA;PRAWDA;PRAWDA;PRAWDA;Tak
2024/04/24 12:41:36 PM UTC+2;14-15 lat;Kobieta;Polska;Miasto do 50 000 mieszkańców;Z rozszerzoną biologią;Nie;;Nie;Nic nie wiem o tej chorobie;Immunologicznego;Nie wiem;Drętwienie lub osłabienie jednej lub więcej kończyn, zwykle występujące po jednej stronie ciała naraz;Nie wiem;Nie wiem;FAŁSZ;Nie wiem;PRAWDA;PRAWDA;PRAWDA;Nie wiem;PRAWDA;Nie wiem;PRAWDA;Immunologicznego;Przyczyny stwardnienia rozsianego nie są do końca znane;Wszystkie powyższe odpowiedzi są poprawne;Wszystkie powyższe odpowiedzi są poprawne;PRAWDA;PRAWDA;PRAWDA;PRAWDA;PRAWDA;PRAWDA;PRAWDA;PRAWDA;PRAWDA;PRAWDA;Tak
2024/04/24 12:41:57 PM UTC+2;17-18 lat;Inna;Polska;Miasto powyżej 500 000 mieszkańców;Z rozszerzoną biologią;Nie;;Nie;Nic nie wiem o tej chorobie;Nie wiem;Nie wiem;Nie wiem;Nie wiem;Nie wiem;Nie wiem;Nie wiem;Nie wiem;Nie wiem;Nie wiem;Nie wiem;Nie wiem;Nie wiem;Nie wiem;Immunologicznego;Przyczyny stwardnienia rozsianego nie są do końca znane;Ból gałki ocznej, zaburzenia widzenia (osłabienie ostrości wzroku lub widzenie podwójne);Niepełnosprawność;PRAWDA;PRAWDA;FAŁSZ;PRAWDA;PRAWDA;FAŁSZ;PRAWDA;PRAWDA;FAŁSZ;PRAWDA;Nie
2024/04/24 12:41:58 PM UTC+2;15-16 lat;Kobieta;Polska;Miasto od 50 000 do 100 000 mieszkańców;Z rozszerzoną biologią;Nie;;Nie;Nic nie wiem o tej chorobie;Nie wiem;Nie wiem;Nie wiem;Nie wiem;Nie wiem;Nie wiem;Nie wiem;Nie wiem;Nie wiem;Nie wiem;Nie wiem;Nie wiem;Nie wiem;Nie wiem;Immunologicznego;Przyczyny stwardnienia rozsianego nie są do końca znane;Wszystkie powyższe odpowiedzi są poprawne;Wszystkie powyższe odpowiedzi są poprawne;PRAWDA;PRAWDA;FAŁSZ;PRAWDA;PRAWDA;PRAWDA;PRAWDA;Nie wiem;PRAWDA;PRAWDA;Tak
2024/04/24 12:41:58 PM UTC+2;14-15 lat;Kobieta;Polska;Miasto powyżej 500 000 mieszkańców;Z rozszerzoną biologią;Tak;"Rodzina;Internet;Inne (jakie);zbiórki dla chorych na tą chrobę";Nie;Nic nie wiem o tej chorobie;Szkieletowego;Przyczyn genetycznych i jest chorobą dziedziczną;Wszystkie powyższe odpowiedzi są poprawne;Wszystkie powyższe odpowiedzi są poprawne;PRAWDA;FAŁSZ;PRAWDA;Nie wiem;FAŁSZ;FAŁSZ;PRAWDA;FAŁSZ;PRAWDA;PRAWDA;Immunologicznego;Przyczyny stwardnienia rozsianego nie są do końca znane;Wszystkie powyższe odpowiedzi są poprawne;Wszystkie powyższe odpowiedzi są poprawne;FAŁSZ;PRAWDA;PRAWDA;PRAWDA;PRAWDA;PRAWDA;PRAWDA;FAŁSZ;PRAWDA;PRAWDA;Tak
2024/04/24 12:42:02 PM UTC+2;14-15 lat;Kobieta;Polska;Miasto powyżej 500 000 mieszkańców;Z rozszerzoną biologią;Nie;Nie słyszałam;Nie;Nic nie wiem o tej chorobie;Immunologicznego;Nie wiem;Nie wiem;Nie wiem;Nie wiem;Nie wiem;Nie wiem;Nie wiem;Nie wiem;Nie wiem;Nie wiem;Nie wiem;Nie wiem;Nie wiem;Immunologicznego;Przyczyny stwardnienia rozsianego nie są do końca znane;Wszystkie powyższe odpowiedzi są poprawne;Wszystkie powyższe odpowiedzi są poprawne;FAŁSZ;PRAWDA;FAŁSZ;PRAWDA;PRAWDA;PRAWDA;PRAWDA;FAŁSZ;PRAWDA;PRAWDA;Tak
2024/04/24 12:42:07 PM UTC+2;14-15 lat;Kobieta;Polska;Miasto do 50 000 mieszkańców;Z rozszerzoną biologią;Tak;"Rodzina;Internet";Tak;Średnia;Immunologicznego;Przyczyny stwardnienia rozsianego nie są do końca znane;Drętwienie lub osłabienie jednej lub więcej kończyn, zwykle występujące po jednej stronie ciała naraz;Wszystkie powyższe odpowiedzi są poprawne;PRAWDA;PRAWDA;FAŁSZ;FAŁSZ;FAŁSZ;FAŁSZ;PRAWDA;FAŁSZ;PRAWDA;PRAWDA;Immunologicznego;Przyczyny stwardnienia rozsianego nie są do końca znane;Wszystkie powyższe odpowiedzi są poprawne;Wszystkie powyższe odpowiedzi są poprawne;PRAWDA;PRAWDA;FAŁSZ;PRAWDA;PRAWDA;PRAWDA;FAŁSZ;FAŁSZ;PRAWDA;PRAWDA;Tak
2024/04/24 12:42:21 PM UTC+2;14-15 lat;Kobieta;Polska;Miasto od 50 000 do 100 000 mieszkańców;Z rozszerzoną biologią;Tak;"Rodzina;Znajomi;Szkoła;Internet;Inne (jakie)";Nie;Słaba;Nie wiem;Nie wiem;Nie wiem;Nie wiem;PRAWDA;Nie wiem;Nie wiem;Nie wiem;Nie wiem;Nie wiem;Nie wiem;Nie wiem;Nie wiem;Nie wiem;Immunologicznego;Przyczyny stwardnienia rozsianego nie są do końca znane;Wszystkie powyższe odpowiedzi są poprawne;Wszystkie powyższe odpowiedzi są poprawne;PRAWDA;PRAWDA;PRAWDA;PRAWDA;PRAWDA;PRAWDA;PRAWDA;PRAWDA;PRAWDA;PRAWDA;Tak
2024/04/24 12:42:21 PM UTC+2;15-16 lat;Kobieta;Polska;Miasto powyżej 500 000 mieszkańców;Z rozszerzoną biologią;Tak;"Rodzina;Znajomi;Internet";Nie;Słaba;Nie wiem;Nie wiem;Nie wiem;Nie wiem;PRAWDA;Nie wiem;Nie wiem;Nie wiem;Nie wiem;Nie wiem;Nie wiem;Nie wiem;Nie wiem;PRAWDA;Immunologicznego;Przyczyny stwardnienia rozsianego nie są do końca znane;Wszystkie powyższe odpowiedzi są poprawne;Wszystkie powyższe odpowiedzi są poprawne;PRAWDA;PRAWDA;PRAWDA;PRAWDA;PRAWDA;PRAWDA;PRAWDA;PRAWDA;PRAWDA;PRAWDA;Tak
2024/04/24 12:42:26 PM UTC+2;17-18 lat;Inna;Polska;Miasto do 50 000 mieszkańców;Z rozszerzoną biologią;Tak;;Tak;Słaba;Nie wiem;Nie wiem;Nie wiem;Nie wiem;PRAWDA;Nie wiem;Nie wiem;FAŁSZ;PRAWDA;Nie wiem;Nie wiem;Nie wiem;Nie wiem;Nie wiem;Immunologicznego;Przyczyn genetycznych i jest chorobą dziedziczną;Drętwienie lub osłabienie jednej lub więcej kończyn, zwykle występujące po jednej stronie ciała naraz;Wszystkie powyższe odpowiedzi są poprawne;FAŁSZ;PRAWDA;PRAWDA;PRAWDA;Nie wiem;Nie wiem;PRAWDA;PRAWDA;PRAWDA;PRAWDA;Tak
2024/04/24 12:42:27 PM UTC+2;14-15 lat;Kobieta;Polska;Miasto powyżej 500 000 mieszkańców;Z rozszerzoną biologią;Tak;"Rodzina;Znajomi;Internet";Tak;Średnia;Immunologicznego;Przyczyn genetycznych i jest chorobą dziedziczną;Wszystkie powyższe odpowiedzi są poprawne;Wszystkie powyższe odpowiedzi są poprawne;PRAWDA;Nie wiem;PRAWDA;PRAWDA;FAŁSZ;FAŁSZ;PRAWDA;FAŁSZ;Nie wiem;PRAWDA;Immunologicznego;Przyczyny stwardnienia rozsianego nie są do końca znane;Wszystkie powyższe odpowiedzi są poprawne;Wszystkie powyższe odpowiedzi są poprawne;PRAWDA;FAŁSZ;PRAWDA;PRAWDA;PRAWDA;PRAWDA;PRAWDA;PRAWDA;PRAWDA;PRAWDA;Tak
2024/04/24 12:42:40 PM UTC+2;14-15 lat;Kobieta;Polska;Miasto od 50 000 do 100 000 mieszkańców;Z rozszerzoną biologią;Nie;;Nie;Nic nie wiem o tej chorobie;Nie wiem;Przyczyn genetycznych i jest chorobą dziedziczną;Nie wiem;Kłopoty z pęcherzem, jelitami i funkcjami seksualnymi;Nie wiem;FAŁSZ;PRAWDA;FAŁSZ;PRAWDA;Nie wiem;FAŁSZ;PRAWDA;PRAWDA;PRAWDA;Immunologicznego;Przyczyny stwardnienia rozsianego nie są do końca znane;Wszystkie powyższe odpowiedzi są poprawne;Wszystkie powyższe odpowiedzi są poprawne;PRAWDA;PRAWDA;Nie wiem;Nie wiem;PRAWDA;PRAWDA;PRAWDA;PRAWDA;PRAWDA;PRAWDA;Tak
2024/04/24 12:42:44 PM UTC+2;14-15 lat;Kobieta;Polska;Miasto powyżej 500 000 mieszkańców;Z rozszerzoną biologią;Tak;Internet;Nie;Słaba;Szkieletowego;Nie wiem;Nie wiem;Wszystkie powyższe odpowiedzi są poprawne;PRAWDA;PRAWDA;Nie wiem;FAŁSZ;FAŁSZ;PRAWDA;FAŁSZ;Nie wiem;Nie wiem;PRAWDA;Immunologicznego;Przyczyny stwardnienia rozsianego nie są do końca znane;Wszystkie powyższe odpowiedzi są poprawne;Wszystkie powyższe odpowiedzi są poprawne;Nie wiem;PRAWDA;PRAWDA;FAŁSZ;PRAWDA;PRAWDA;PRAWDA;PRAWDA;PRAWDA;PRAWDA;Tak
2024/04/24 12:42:48 PM UTC+2;15-16 lat;Mężczyzna;Polska;Miasto do 50 000 mieszkańców;Z rozszerzoną biologią;Tak;Szkoła;Nie;Średnia;Nie wiem;Nie wiem;Drętwienie lub osłabienie jednej lub więcej kończyn, zwykle występujące po jednej stronie ciała naraz;Kłopoty z pęcherzem, jelitami i funkcjami seksualnymi;Nie wiem;Nie wiem;FAŁSZ;PRAWDA;PRAWDA;PRAWDA;Nie wiem;Nie wiem;Nie wiem;Nie wiem;Immunologicznego;Przyczyny stwardnienia rozsianego nie są do końca znane;Wszystkie powyższe odpowiedzi są poprawne;Wszystkie powyższe odpowiedzi są poprawne;PRAWDA;PRAWDA;FAŁSZ;PRAWDA;PRAWDA;FAŁSZ;PRAWDA;Nie wiem;PRAWDA;PRAWDA;Nie
2024/04/24 12:42:49 PM UTC+2;15-16 lat;Mężczyzna;Polska;Miasto do 50 000 mieszkańców;Z rozszerzoną biologią;Nie;Inne (jakie);Nie;Nic nie wiem o tej chorobie;Nie wiem;Nie wiem;Nie wiem;Nie wiem;Nie wiem;Nie wiem;Nie wiem;Nie wiem;Nie wiem;Nie wiem;Nie wiem;Nie wiem;Nie wiem;Nie wiem;Immunologicznego;Przyczyny stwardnienia rozsianego nie są do końca znane;Wszystkie powyższe odpowiedzi są poprawne;Wszystkie powyższe odpowiedzi są poprawne;PRAWDA;PRAWDA;FAŁSZ;PRAWDA;FAŁSZ;PRAWDA;PRAWDA;FAŁSZ;PRAWDA;PRAWDA;Tak
2024/04/24 12:42:50 PM UTC+2;16-17 lat;Kobieta;Inna;Miasto powyżej 500 000 mieszkańców;Z rozszerzoną biologią;Tak;Rodzina;Tak;Dobra;Immunologicznego;Przyczyn genetycznych i jest chorobą dziedziczną;Wszystkie powyższe odpowiedzi są poprawne;Wszystkie powyższe odpowiedzi są poprawne;PRAWDA;PRAWDA;PRAWDA;PRAWDA;PRAWDA;PRAWDA;PRAWDA;PRAWDA;PRAWDA;FAŁSZ;Immunologicznego;Przyczyn genetycznych i jest chorobą dziedziczną;Wszystkie powyższe odpowiedzi są poprawne;Wszystkie powyższe odpowiedzi są poprawne;FAŁSZ;PRAWDA;FAŁSZ;FAŁSZ;PRAWDA;PRAWDA;PRAWDA;FAŁSZ;PRAWDA;PRAWDA;Tak
2024/04/24 12:42:50 PM UTC+2;16-17 lat;Mężczyzna;Polska;Miasto do 50 000 mieszkańców;Z rozszerzoną biologią;Nie;;Nie;Słaba;Immunologicznego;Zarażenia się nim od innej osoby;Nietrzymanie moczu;Kłopoty z pęcherzem, jelitami i funkcjami seksualnymi;PRAWDA;FAŁSZ;PRAWDA;PRAWDA;FAŁSZ;FAŁSZ;PRAWDA;PRAWDA;FAŁSZ;PRAWDA;Immunologicznego;Przyczyny stwardnienia rozsianego nie są do końca znane;Wszystkie powyższe odpowiedzi są poprawne;Niepełnosprawność;PRAWDA;PRAWDA;PRAWDA;FAŁSZ;PRAWDA;PRAWDA;PRAWDA;FAŁSZ;PRAWDA;PRAWDA;Tak
2024/04/24 12:43:08 PM UTC+2;16-17 lat;Mężczyzna;Polska;Miasto do 50 000 mieszkańców;Z rozszerzoną biologią;Tak;Internet;Nie;Nic nie wiem o tej chorobie;Pokarmowego;Zanieczyszczeń środowiska;Wszystkie powyższe odpowiedzi są poprawne;Wszystkie powyższe odpowiedzi są poprawne;Nie wiem;FAŁSZ;Nie wiem;Nie wiem;PRAWDA;PRAWDA;Nie wiem;PRAWDA;FAŁSZ;PRAWDA;Immunologicznego;Przyczyny stwardnienia rozsianego nie są do końca znane;Wszystkie powyższe odpowiedzi są poprawne;Wszystkie powyższe odpowiedzi są poprawne;PRAWDA;PRAWDA;PRAWDA;PRAWDA;PRAWDA;PRAWDA;PRAWDA;PRAWDA;FAŁSZ;PRAWDA;Tak
2024/04/24 12:43:11 PM UTC+2;16-17 lat;Mężczyzna;Polska;Miasto powyżej 500 000 mieszkańców;Z rozszerzoną biologią;Nie;;Nie;Nic nie wiem o tej chorobie;Nie wiem;Nie wiem;Nie wiem;Nie wiem;Nie wiem;Nie wiem;Nie wiem;Nie wiem;Nie wiem;Nie wiem;Nie wiem;Nie wiem;Nie wiem;PRAWDA;Immunologicznego;Przyczyny stwardnienia rozsianego nie są do końca znane;Wszystkie powyższe odpowiedzi są poprawne;Wszystkie powyższe odpowiedzi są poprawne;PRAWDA;PRAWDA;PRAWDA;PRAWDA;PRAWDA;PRAWDA;PRAWDA;PRAWDA;PRAWDA;PRAWDA;Tak
2024/04/24 12:43:44 PM UTC+2;16-17 lat;Mężczyzna;Polska;Miasto do 50 000 mieszkańców;Z rozszerzoną biologią;Nie;;Nie;Nic nie wiem o tej chorobie;Nie wiem;Nie wiem;Nie wiem;Nie wiem;Nie wiem;Nie wiem;Nie wiem;Nie wiem;Nie wiem;Nie wiem;Nie wiem;Nie wiem;Nie wiem;Nie wiem;Immunologicznego;Zarażenia się nim od innej osoby;Wszystkie powyższe odpowiedzi są poprawne;Wszystkie powyższe odpowiedzi są poprawne;PRAWDA;PRAWDA;FAŁSZ;PRAWDA;PRAWDA;PRAWDA;FAŁSZ;Nie wiem;PRAWDA;FAŁSZ;Tak
2024/04/24 12:43:51 PM UTC+2;15-16 lat;Kobieta;Polska;Miasto powyżej 500 000 mieszkańców;Z rozszerzoną biologią;Tak;Szkoła;Nie;Dobra;Nie wiem;Nie wiem;Nie wiem;Nie wiem;Nie wiem;Nie wiem;Nie wiem;Nie wiem;Nie wiem;Nie wiem;Nie wiem;Nie wiem;Nie wiem;Nie wiem;Nie wiem;Nie wiem;Drętwienie lub osłabienie jednej lub więcej kończyn, zwykle występujące po jednej stronie ciała naraz;Zaburzenia psychiczne (depresja, niepokój, wahania nastroju);Nie wiem;PRAWDA;Nie wiem;Nie wiem;PRAWDA;PRAWDA;PRAWDA;PRAWDA;PRAWDA;PRAWDA;Tak
2024/04/24 12:44:02 PM UTC+2;15-16 lat;Mężczyzna;Polska;Miasto do 50 000 mieszkańców;Z rozszerzoną biologią;Tak;;Nie;Nic nie wiem o tej chorobie;Nie wiem;Nie wiem;Nie wiem;Nie wiem;Nie wiem;Nie wiem;Nie wiem;Nie wiem;Nie wiem;Nie wiem;Nie wiem;Nie wiem;Nie wiem;Nie wiem;Immunologicznego;Przyczyny stwardnienia rozsianego nie są do końca znane;Drętwienie lub osłabienie jednej lub więcej kończyn, zwykle występujące po jednej stronie ciała naraz;Wszystkie powyższe odpowiedzi są poprawne;PRAWDA;PRAWDA;FAŁSZ;PRAWDA;PRAWDA;PRAWDA;PRAWDA;PRAWDA;PRAWDA;PRAWDA;Tak
2024/04/24 12:44:11 PM UTC+2;15-16 lat;Kobieta;Polska;Miasto do 50 000 mieszkańców;Z rozszerzoną biologią;Nie;Szkoła;Nie;Nic nie wiem o tej chorobie;Nie wiem;Nie wiem;Nie wiem;Nie wiem;Nie wiem;Nie wiem;Nie wiem;Nie wiem;Nie wiem;Nie wiem;Nie wiem;Nie wiem;Nie wiem;Nie wiem;Immunologicznego;Przyczyny stwardnienia rozsianego nie są do końca znane;Wszystkie powyższe odpowiedzi są poprawne;Wszystkie powyższe odpowiedzi są poprawne;PRAWDA;PRAWDA;PRAWDA;PRAWDA;PRAWDA;PRAWDA;PRAWDA;FAŁSZ;PRAWDA;PRAWDA;Tak
2024/04/24 12:46:50 PM UTC+2;15-16 lat;Kobieta;Polska;Miasto powyżej 500 000 mieszkańców;Z rozszerzoną biologią;Tak;Internet;Nie;Nic nie wiem o tej chorobie;Immunologicznego;Nie wiem;Drętwienie lub osłabienie jednej lub więcej kończyn, zwykle występujące po jednej stronie ciała naraz;Wszystkie powyższe odpowiedzi są poprawne;PRAWDA;FAŁSZ;FAŁSZ;PRAWDA;PRAWDA;PRAWDA;Nie wiem;Nie wiem;PRAWDA;PRAWDA;Immunologicznego;Przyczyny stwardnienia rozsianego nie są do końca znane;Wszystkie powyższe odpowiedzi są poprawne;Wszystkie powyższe odpowiedzi są poprawne;PRAWDA;PRAWDA;PRAWDA;PRAWDA;PRAWDA;FAŁSZ;PRAWDA;FAŁSZ;PRAWDA;PRAWDA;Tak
2024/04/24 1:38:47 PM UTC+2;14-15 lat;Mężczyzna;Polska;Miasto od 50 000 do 100 000 mieszkańców;Inny;Nie;;Nie;Nic nie wiem o tej chorobie;Nie wiem;Nie wiem;Nie wiem;Nie wiem;Nie wiem;Nie wiem;Nie wiem;Nie wiem;Nie wiem;Nie wiem;Nie wiem;Nie wiem;Nie wiem;Nie wiem;Nie wiem;Nie wiem;Nie wiem;Nie wiem;Nie wiem;Nie wiem;Nie wiem;Nie wiem;Nie wiem;Nie wiem;Nie wiem;Nie wiem;Nie wiem;Nie wiem;Nie
2024/04/24 1:39:34 PM UTC+2;17-18 lat;Kobieta;Polska;Miasto do 50 000 mieszkańców;Z rozszerzoną biologią;Tak;Szkoła;Nie;Średnia;Szkieletowego;Przyczyny stwardnienia rozsianego nie są do końca znane;Wszystkie powyższe odpowiedzi są poprawne;Wszystkie powyższe odpowiedzi są poprawne;PRAWDA;FAŁSZ;PRAWDA;PRAWDA;PRAWDA;FAŁSZ;PRAWDA;PRAWDA;PRAWDA;PRAWDA;Immunologicznego;Przyczyny stwardnienia rozsianego nie są do końca znane;Wszystkie powyższe odpowiedzi są poprawne;Wszystkie powyższe odpowiedzi są poprawne;PRAWDA;PRAWDA;PRAWDA;PRAWDA;PRAWDA;PRAWDA;PRAWDA;PRAWDA;PRAWDA;PRAWDA;Tak
2024/04/24 1:39:48 PM UTC+2;18-19 lat;Kobieta;Polska;Miasto powyżej 500 000 mieszkańców;Z rozszerzoną biologią;Tak;Internet;Nie;Nic nie wiem o tej chorobie;Nie wiem;Nie wiem;Nie wiem;Nie wiem;Nie wiem;Nie wiem;Nie wiem;Nie wiem;Nie wiem;Nie wiem;Nie wiem;Nie wiem;Nie wiem;Nie wiem;Immunologicznego;Przyczyny stwardnienia rozsianego nie są do końca znane;Wszystkie powyższe odpowiedzi są poprawne;Niepełnosprawność;FAŁSZ;PRAWDA;FAŁSZ;PRAWDA;PRAWDA;PRAWDA;Nie wiem;PRAWDA;PRAWDA;PRAWDA;Tak
2024/04/24 1:39:49 PM UTC+2;18-19 lat;Mężczyzna;Polska;Miasto powyżej 500 000 mieszkańców;Z rozszerzoną biologią;Tak;Znajomi;Tak;Średnia;Immunologicznego;Przyczyn genetycznych i jest chorobą dziedziczną;Drętwienie lub osłabienie jednej lub więcej kończyn, zwykle występujące po jednej stronie ciała naraz;Zaburzenia funkcji poznawczych (kłopoty z pamięcią i znajdowaniem odpowiednich słów);Nie wiem;FAŁSZ;Nie wiem;Nie wiem;Nie wiem;Nie wiem;PRAWDA;Nie wiem;PRAWDA;PRAWDA;Immunologicznego;Przyczyny stwardnienia rozsianego nie są do końca znane;Wszystkie powyższe odpowiedzi są poprawne;Wszystkie powyższe odpowiedzi są poprawne;Nie wiem;PRAWDA;FAŁSZ;PRAWDA;PRAWDA;PRAWDA;PRAWDA;Nie wiem;PRAWDA;PRAWDA;Tak
2024/04/24 1:39:49 PM UTC+2;18-19 lat;Mężczyzna;Inna;Miasto powyżej 500 000 mieszkańców;Z rozszerzoną biologią;Nie;;Nie;Nic nie wiem o tej chorobie;Immunologicznego;Przyczyn genetycznych i jest chorobą dziedziczną;Wszystkie powyższe odpowiedzi są poprawne;Zaburzenia funkcji poznawczych (kłopoty z pamięcią i znajdowaniem odpowiednich słów);Nie wiem;PRAWDA;PRAWDA;PRAWDA;PRAWDA;PRAWDA;PRAWDA;PRAWDA;PRAWDA;PRAWDA;Immunologicznego;Przyczyny stwardnienia rozsianego nie są do końca znane;Wszystkie powyższe odpowiedzi są poprawne;Niepełnosprawność;PRAWDA;PRAWDA;PRAWDA;PRAWDA;FAŁSZ;FAŁSZ;PRAWDA;PRAWDA;FAŁSZ;FAŁSZ;Tak
2024/04/24 1:39:50 PM UTC+2;16-17 lat;Mężczyzna;Polska;Miasto do 50 000 mieszkańców;Z rozszerzoną biologią;Tak;Internet;Tak;Słaba;Nie wiem;Nie wiem;Nie wiem;Nie wiem;Nie wiem;Nie wiem;Nie wiem;Nie wiem;Nie wiem;Nie wiem;Nie wiem;Nie wiem;Nie wiem;Nie wiem;Nie wiem;Nie wiem;Nie wiem;Nie wiem;Nie wiem;Nie wiem;Nie wiem;Nie wiem;Nie wiem;PRAWDA;Nie wiem;PRAWDA;PRAWDA;PRAWDA;Tak
2024/04/24 1:39:52 PM UTC+2;17-18 lat;Kobieta;Polska;Miasto powyżej 500 000 mieszkańców;Z rozszerzoną biologią;Tak;"Rodzina;Internet";Nie;Średnia;Nie wiem;Nie wiem;Nie wiem;Nie wiem;Nie wiem;Nie wiem;Nie wiem;Nie wiem;Nie wiem;Nie wiem;Nie wiem;Nie wiem;Nie wiem;Nie wiem;Nie wiem;Przyczyny stwardnienia rozsianego nie są do końca znane;Drętwienie lub osłabienie jednej lub więcej kończyn, zwykle występujące po jednej stronie ciała naraz;Wszystkie powyższe odpowiedzi są poprawne;PRAWDA;PRAWDA;FAŁSZ;PRAWDA;Nie wiem;Nie wiem;PRAWDA;PRAWDA;PRAWDA;PRAWDA;Nie
2024/04/24 1:40:14 PM UTC+2;17-18 lat;Mężczyzna;Polska;Miasto do 50 000 mieszkańców;Z rozszerzoną biologią;Tak;Rodzina;Tak;Słaba;Nie wiem;Przyczyny stwardnienia rozsianego nie są do końca znane;Wszystkie powyższe odpowiedzi są poprawne;Wszystkie powyższe odpowiedzi są poprawne;Nie wiem;FAŁSZ;Nie wiem;PRAWDA;FAŁSZ;PRAWDA;PRAWDA;FAŁSZ;PRAWDA;PRAWDA;Immunologicznego;Przyczyny stwardnienia rozsianego nie są do końca znane;Wszystkie powyższe odpowiedzi są poprawne;Wszystkie powyższe odpowiedzi są poprawne;PRAWDA;PRAWDA;PRAWDA;PRAWDA;PRAWDA;PRAWDA;PRAWDA;PRAWDA;PRAWDA;PRAWDA;Tak
2024/04/24 1:40:20 PM UTC+2;14-15 lat;Mężczyzna;Polska;Miasto od 100 000 do 500 000 mieszkańców;Z rozszerzoną biologią;Nie;;Nie;Słaba;Nie wiem;Nie wiem;Nie wiem;Nie wiem;Nie wiem;Nie wiem;Nie wiem;Nie wiem;Nie wiem;Nie wiem;Nie wiem;Nie wiem;Nie wiem;Nie wiem;Immunologicznego;Przyczyny stwardnienia rozsianego nie są do końca znane;Wszystkie powyższe odpowiedzi są poprawne;Kłopoty z pęcherzem, jelitami i funkcjami seksualnymi;PRAWDA;PRAWDA;PRAWDA;PRAWDA;PRAWDA;PRAWDA;PRAWDA;PRAWDA;FAŁSZ;PRAWDA;Tak
2024/04/24 1:40:21 PM UTC+2;17-18 lat;Mężczyzna;Polska;Miasto powyżej 500 000 mieszkańców;Z rozszerzoną biologią;Nie;Szkoła;Nie;Nic nie wiem o tej chorobie;Immunologicznego;Zanieczyszczeń środowiska;Wszystkie powyższe odpowiedzi są poprawne;Wszystkie powyższe odpowiedzi są poprawne;PRAWDA;PRAWDA;PRAWDA;PRAWDA;PRAWDA;PRAWDA;PRAWDA;PRAWDA;PRAWDA;PRAWDA;Immunologicznego;Zanieczyszczeń środowiska;Wszystkie powyższe odpowiedzi są poprawne;Wszystkie powyższe odpowiedzi są poprawne;PRAWDA;PRAWDA;PRAWDA;PRAWDA;PRAWDA;PRAWDA;PRAWDA;PRAWDA;PRAWDA;PRAWDA;Tak
2024/04/24 1:40:36 PM UTC+2;17-18 lat;Mężczyzna;Polska;Miasto powyżej 500 000 mieszkańców;Z rozszerzoną biologią;Tak;"Szkoła;Internet";Nie;Nic nie wiem o tej chorobie;Szkieletowego;Przyczyny stwardnienia rozsianego nie są do końca znane;Wszystkie powyższe odpowiedzi są poprawne;Wszystkie powyższe odpowiedzi są poprawne;Nie wiem;FAŁSZ;Nie wiem;PRAWDA;FAŁSZ;PRAWDA;PRAWDA;FAŁSZ;PRAWDA;PRAWDA;Immunologicznego;Przyczyn genetycznych i jest chorobą dziedziczną;Wszystkie powyższe odpowiedzi są poprawne;Wszystkie powyższe odpowiedzi są poprawne;PRAWDA;PRAWDA;PRAWDA;PRAWDA;PRAWDA;PRAWDA;FAŁSZ;PRAWDA;PRAWDA;PRAWDA;Tak
2024/04/24 1:40:38 PM UTC+2;16-17 lat;Mężczyzna;Polska;Miasto do 50 000 mieszkańców;Z rozszerzoną biologią;Nie;;Nie;Nic nie wiem o tej chorobie;Nie wiem;Nie wiem;Nie wiem;Nie wiem;Nie wiem;Nie wiem;Nie wiem;Nie wiem;Nie wiem;Nie wiem;Nie wiem;Nie wiem;Nie wiem;Nie wiem;Nie wiem;Nie wiem;Drętwienie lub osłabienie jednej lub więcej kończyn, zwykle występujące po jednej stronie ciała naraz;Zaburzenia psychiczne (depresja, niepokój, wahania nastroju);PRAWDA;PRAWDA;PRAWDA;PRAWDA;PRAWDA;PRAWDA;PRAWDA;FAŁSZ;PRAWDA;PRAWDA;Tak
2024/04/24 1:40:38 PM UTC+2;16-17 lat;Kobieta;Polska;Miasto powyżej 500 000 mieszkańców;Z rozszerzoną biologią;Tak;Rodzina;Nie;Średnia;Immunologicznego;Przyczyn genetycznych i jest chorobą dziedziczną;Drętwienie lub osłabienie jednej lub więcej kończyn, zwykle występujące po jednej stronie ciała naraz;Wszystkie powyższe odpowiedzi są poprawne;PRAWDA;Nie wiem;Nie wiem;PRAWDA;Nie wiem;Nie wiem;Nie wiem;Nie wiem;PRAWDA;PRAWDA;Immunologicznego;Przyczyny stwardnienia rozsianego nie są do końca znane;Wszystkie powyższe odpowiedzi są poprawne;Wszystkie powyższe odpowiedzi są poprawne;PRAWDA;PRAWDA;PRAWDA;PRAWDA;PRAWDA;PRAWDA;FAŁSZ;PRAWDA;PRAWDA;PRAWDA;Tak
2024/04/24 1:40:39 PM UTC+2;17-18 lat;Kobieta;Polska;Miasto powyżej 500 000 mieszkańców;Z rozszerzoną biologią;Tak;"Rodzina;Szkoła";Nie;Średnia;Krwionośnego;Przyczyn genetycznych i jest chorobą dziedziczną;Wszystkie powyższe odpowiedzi są poprawne;Wszystkie powyższe odpowiedzi są poprawne;PRAWDA;FAŁSZ;FAŁSZ;PRAWDA;PRAWDA;FAŁSZ;PRAWDA;FAŁSZ;PRAWDA;PRAWDA;Immunologicznego;Przyczyny stwardnienia rozsianego nie są do końca znane;Wszystkie powyższe odpowiedzi są poprawne;Wszystkie powyższe odpowiedzi są poprawne;PRAWDA;PRAWDA;FAŁSZ;PRAWDA;PRAWDA;PRAWDA;PRAWDA;PRAWDA;PRAWDA;PRAWDA;Tak
2024/04/24 1:40:39 PM UTC+2;17-18 lat;Kobieta;Polska;Miasto powyżej 500 000 mieszkańców;Z rozszerzoną biologią;Tak;"Rodzina;Znajomi;Szkoła;Internet";Nie;Słaba;Immunologicznego;Przyczyny stwardnienia rozsianego nie są do końca znane;Drętwienie lub osłabienie jednej lub więcej kończyn, zwykle występujące po jednej stronie ciała naraz;Zaburzenia funkcji poznawczych (kłopoty z pamięcią i znajdowaniem odpowiednich słów);PRAWDA;PRAWDA;FAŁSZ;FAŁSZ;FAŁSZ;PRAWDA;Nie wiem;Nie wiem;Nie wiem;Nie wiem;Immunologicznego;Przyczyny stwardnienia rozsianego nie są do końca znane;Drętwienie lub osłabienie jednej lub więcej kończyn, zwykle występujące po jednej stronie ciała naraz;Wszystkie powyższe odpowiedzi są poprawne;FAŁSZ;PRAWDA;FAŁSZ;PRAWDA;PRAWDA;PRAWDA;PRAWDA;PRAWDA;PRAWDA;PRAWDA;Tak
2024/04/24 1:40:44 PM UTC+2;14-15 lat;Mężczyzna;Polska;Miasto do 50 000 mieszkańców;Inny;Nie;;Nie;Nic nie wiem o tej chorobie;Nie wiem;Nie wiem;Nie wiem;Nie wiem;Nie wiem;Nie wiem;Nie wiem;Nie wiem;Nie wiem;Nie wiem;Nie wiem;Nie wiem;Nie wiem;Nie wiem;Nie wiem;Przyczyny stwardnienia rozsianego nie są do końca znane;Drętwienie lub osłabienie jednej lub więcej kończyn, zwykle występujące po jednej stronie ciała naraz;Kłopoty z pęcherzem, jelitami i funkcjami seksualnymi;PRAWDA;FAŁSZ;FAŁSZ;PRAWDA;PRAWDA;PRAWDA;PRAWDA;PRAWDA;PRAWDA;PRAWDA;Tak
2024/04/24 1:41:00 PM UTC+2;16-17 lat;Mężczyzna;Polska;Miasto do 50 000 mieszkańców;Z rozszerzoną biologią;Tak;"Rodzina;Znajomi;Internet";Nie;Nic nie wiem o tej chorobie;Nie wiem;Przyczyny stwardnienia rozsianego nie są do końca znane;Nie wiem;Nie wiem;PRAWDA;FAŁSZ;Nie wiem;Nie wiem;PRAWDA;FAŁSZ;Nie wiem;Nie wiem;Nie wiem;Nie wiem;Nie wiem;Przyczyny stwardnienia rozsianego nie są do końca znane;Wszystkie powyższe odpowiedzi są poprawne;Wszystkie powyższe odpowiedzi są poprawne;FAŁSZ;PRAWDA;PRAWDA;PRAWDA;PRAWDA;PRAWDA;Nie wiem;PRAWDA;PRAWDA;PRAWDA;Tak
2024/04/24 1:41:01 PM UTC+2;17-18 lat;Mężczyzna;Polska;Miasto powyżej 500 000 mieszkańców;Z rozszerzoną biologią;Tak;"Rodzina;Szkoła;Internet";Nie;Nic nie wiem o tej chorobie;Nie wiem;Nie wiem;Nie wiem;Nie wiem;PRAWDA;Nie wiem;Nie wiem;Nie wiem;PRAWDA;FAŁSZ;Nie wiem;Nie wiem;Nie wiem;Nie wiem;Nie wiem;Przyczyny stwardnienia rozsianego nie są do końca znane;Wszystkie powyższe odpowiedzi są poprawne;Wszystkie powyższe odpowiedzi są poprawne;PRAWDA;PRAWDA;Nie wiem;PRAWDA;PRAWDA;PRAWDA;Nie wiem;PRAWDA;PRAWDA;PRAWDA;Tak
2024/04/24 1:41:24 PM UTC+2;14-15 lat;Mężczyzna;Polska;Miasto do 50 000 mieszkańców;Z rozszerzoną biologią;Tak;"Rodzina;Znajomi";Nie;Nic nie wiem o tej chorobie;Immunologicznego;Przyczyny stwardnienia rozsianego nie są do końca znane;Drętwienie lub osłabienie jednej lub więcej kończyn, zwykle występujące po jednej stronie ciała naraz;Wszystkie powyższe odpowiedzi są poprawne;PRAWDA;PRAWDA;FAŁSZ;PRAWDA;PRAWDA;PRAWDA;PRAWDA;FAŁSZ;PRAWDA;PRAWDA;Immunologicznego;Przyczyny stwardnienia rozsianego nie są do końca znane;Ból gałki ocznej, zaburzenia widzenia (osłabienie ostrości wzroku lub widzenie podwójne);Zaburzenia funkcji poznawczych (kłopoty z pamięcią i znajdowaniem odpowiednich słów);Nie wiem;PRAWDA;FAŁSZ;PRAWDA;PRAWDA;PRAWDA;PRAWDA;PRAWDA;PRAWDA;PRAWDA;Tak
2024/04/24 1:41:50 PM UTC+2;17-18 lat;Mężczyzna;Polska;Miasto powyżej 500 000 mieszkańców;Z rozszerzoną biologią;Nie;;Nie;Nic nie wiem o tej chorobie;Nie wiem;Nie wiem;Nie wiem;Nie wiem;Nie wiem;Nie wiem;Nie wiem;Nie wiem;Nie wiem;Nie wiem;Nie wiem;Nie wiem;Nie wiem;Nie wiem;Pokarmowego;Przyczyn genetycznych i jest chorobą dziedziczną;Drętwienie lub osłabienie jednej lub więcej kończyn, zwykle występujące po jednej stronie ciała naraz;Kłopoty z pęcherzem, jelitami i funkcjami seksualnymi;PRAWDA;PRAWDA;PRAWDA;PRAWDA;PRAWDA;PRAWDA;FAŁSZ;PRAWDA;PRAWDA;PRAWDA;Nie
2024/04/24 1:44:34 PM UTC+2;17-18 lat;Kobieta;Polska;Miasto powyżej 500 000 mieszkańców;Z rozszerzoną biologią;Nie;;Nie;Nic nie wiem o tej chorobie;Nie wiem;Nie wiem;Nie wiem;Nie wiem;Nie wiem;Nie wiem;Nie wiem;Nie wiem;Nie wiem;Nie wiem;Nie wiem;Nie wiem;Nie wiem;Nie wiem;Immunologicznego;Przyczyny stwardnienia rozsianego nie są do końca znane;Wszystkie powyższe odpowiedzi są poprawne;Wszystkie powyższe odpowiedzi są poprawne;PRAWDA;PRAWDA;FAŁSZ;PRAWDA;PRAWDA;PRAWDA;PRAWDA;FAŁSZ;PRAWDA;PRAWDA;Tak